3,AB189125.1,I,Indonesia__Sumatra,1998,Chwan_Chuen_K._Et_al_2008
3,AB189126.1,I,Indonesia__Sumatra,1998,Chwan_Chuen_K._Et_al_2008
3,AB189127.1,I,Indonesia__Sumatra,1998,Chwan_Chuen_K._Et_al_2008
3,AB189128.1,I,Indonesia__Sumatra,1998,Chwan_Chuen_K._Et_al_2008
3,AB214879.1,I,East_Timor,2005,Schreiber_et_al_2009
3,AB214880.1,I,East_Timor,2005,Schreiber_et_al_2009
3,AB214881.1,I,East_Timor,2005,Schreiber_et_al_2009
3,AB214882.1,I,East_Timor,2005,Schreiber_et_al_2009
3,AF317645.1,V,Guangxi_China,1980,Chwan_Chuen_K._Et_al_2008
3,AY099336.1,III,Sri_Lanka,2000,Chwan_Chuen_K._Et_al_2008
3,AY099337.1,III,Martinique,1999,Chwan_Chuen_K._Et_al_2008
3,AY496871.2,II,Bangladesh,2002,Schreiber_et_al_2009
3,AY496873.2,II,Bangladesh,2002,Schreiber_et_al_2009
3,AY496874.2,II,Bangladesh,2002,Schreiber_et_al_2009
3,AY496877.2,II,Bangladesh,2002,Schreiber_et_al_2009
3,AY496879.2,II,Philippines,1997,Schreiber_et_al_2009
3,AY648961.1,I,Indonesia,XXX,Chwan_Chuen_K._Et_al_2008
3,AY662691.1,III,Singapore,2003,Schreiber_et_al_2009
3,AY676348.1,II,Thailand__Bangkok,1998,Schreiber_et_al_2009
3,AY676349.1,II,Thailand__Bangkok,1998,Schreiber_et_al_2009
3,AY676350.1,II,Thailand__Bangkok,1993,Schreiber_et_al_2009
3,AY676351.1,II,Thailand__Bangkok,1993,Schreiber_et_al_2009
3,AY676352.1,II,Thailand__Bangkok,1987,Schreiber_et_al_2009
3,AY676353.1,II,Thailand__Bangkok,1987,Schreiber_et_al_2009
3,AY679147.1,III,Brazil,2002,Chwan_Chuen_K._Et_al_2008
3,AY744677.1,I,French_Polynesia,1989,Schreiber_et_al_2009
3,AY744678.1,I,French_Polynesia,1989,Schreiber_et_al_2009
3,AY744679.1,I,French_Polynesia,1990,Schreiber_et_al_2009
3,AY744680.1,I,French_Polynesia,1990,Schreiber_et_al_2009
3,AY744681.1,I,French_Polynesia,1990,Schreiber_et_al_2009
3,AY744682.1,I,French_Polynesia,1992,Schreiber_et_al_2009
3,AY744683.1,I,French_Polynesia,1992,Schreiber_et_al_2009
3,AY744684.1,I,French_Polynesia,1992,Schreiber_et_al_2009
3,AY744685.1,I,French_Polynesia,1994,Schreiber_et_al_2009
3,AY766104.1,II,Singapore,1995,Chwan_Chuen_K._Et_al_2008
3,AY770511.2,XXX,India__Gwalior,XXX,Dash_et_al._2006
3,AY776329.1,I,Taiwan,XXX,Schreiber_et_al_2009
3,AY858037.2,I,Indonesia__Jakarta,2004,Chwan_Chuen_K._Et_al_2008
3,AY858038.2,I,Indonesia__Jakarta,1988,Chwan_Chuen_K._Et_al_2008
3,AY858039.2,I,Indonesia__Jakarta,1998,Chwan_Chuen_K._Et_al_2008
3,AY858040.2,I,Indonesia__Jakarta,2004,Chwan_Chuen_K._Et_al_2008
3,AY858041.2,I,Indonesia__Jakarta,2004,Chwan_Chuen_K._Et_al_2008
3,AY858042.2,I,Indonesia__Jakarta,2004,Chwan_Chuen_K._Et_al_2008
3,AY858043.2,I,Indonesia__Jakarta,2004,Chwan_Chuen_K._Et_al_2008
3,AY858044.2,I,Indonesia__Jakarta,2004,Chwan_Chuen_K._Et_al_2008
3,AY858045.2,I,Indonesia__Jakarta,2004,Chwan_Chuen_K._Et_al_2008
3,AY858046.2,I,Indonesia__Jakarta,2004,Chwan_Chuen_K._Et_al_2008
3,AY858047.2,I,Indonesia__Jakarta,2004,Chwan_Chuen_K._Et_al_2008
3,AY858048.2,I,Indonesia__Jakarta,2004,Chwan_Chuen_K._Et_al_2008
3,AY876494.1,II,Thailand,1994,Chwan_Chuen_K._Et_al_2008
3,AY923865.1,II,Thailand,1994,Chwan_Chuen_K._Et_al_2008
3,DQ401690.1,II,Indonesia,XXX,Schreiber_et_al_2009
3,DQ675519.1,I,Taiwan(Kaoshiung),1995,Chwan_Chuen_K._Et_al_2008
3,DQ675520.1,II,Taiwan_Indonesia_imported,1998,Chwan_Chuen_K._Et_al_2008
3,DQ675521.1,II,Taiwan,1998,Schreiber_et_al_2009
3,DQ675522.1,II,Taiwan,1998,Schreiber_et_al_2009
3,DQ675523.1,II,Taiwan,1998,Schreiber_et_al_2009
3,DQ675524.1,II,Taiwan_(Tainan),1998,Chwan_Chuen_K._Et_al_2008
3,DQ675525.1,II,Taiwan_(Pingtung),1998,Chwan_Chuen_K._Et_al_2008
3,DQ675526.1,II,Taiwan,1998,Schreiber_et_al_2009
3,DQ675527.1,II,Taiwan,1998,Schreiber_et_al_2009
3,DQ675528.1,II,Taiwan,1998,Schreiber_et_al_2009
3,DQ675529.1,II,Taiwan,1998,Schreiber_et_al_2009
3,DQ675530.1,II,Taiwan,1998,Schreiber_et_al_2009
3,DQ675531.1,II,Taiwan,1999,Schreiber_et_al_2009
3,DQ675532.1,II,Taiwan_(Tainan),1998,Chwan_Chuen_K._Et_al_2008
3,DQ675533.1,III,Taiwan_(Tainan),1999,Chwan_Chuen_K._Et_al_2008
3,DQ863638.1,XXX,Thailand__Bangkok,1973,Attatippaholkun_et_al.1997
3,EF629366.1,III,Brazil,XXX,Duarte_dos_Santos_et_al.2007
3,EF629367.1,III,Brazil,XXX,Duarte_dos_Santos_et_al.2007
3,EF629369.1,III,Brazil,XXX,Duarte_dos_Santos_et_al.2007
3,EF629370.1,I,Brazil,XXX,Duarte_dos_Santos_et_al.2007
3,EF643017.1,III,Brazil,XXX,_Goncalves_et_al.2007
3,EU081181.1,III,Singapore,2004,Schreiber_et_al_2009
3,EU081182.1,III,Singapore,2005,Schreiber_et_al_2009
3,EU081183.1,III,Singapore,2005,Schreiber_et_al_2009
3,EU081184.1,III,Singapore,2005,Schreiber_et_al_2009
3,EU081185.1,III,Singapore,2005,Schreiber_et_al_2009
3,EU081186.1,III,Singapore,2005,Schreiber_et_al_2009
3,EU081187.1,III,Singapore,2005,Schreiber_et_al_2009
3,EU081188.1,III,Singapore,2005,Schreiber_et_al_2009
3,EU081189.1,III,Singapore,2005,Schreiber_et_al_2009
3,EU081190.1,III,Singapore,2005,Schreiber_et_al_2009
3,EU081191.1,III,Singapore,2005,Schreiber_et_al_2009
3,EU081192.1,III,Singapore,2005,Schreiber_et_al_2009
3,EU081193.1,III,Singapore,2005,Schreiber_et_al_2009
3,EU081194.1,III,Singapore,2005,Schreiber_et_al_2009
3,EU081195.1,III,Singapore,2005,Schreiber_et_al_2009
3,EU081196.1,III,Singapore,2005,Schreiber_et_al_2009
3,EU081197.1,III,Singapore,2005,Schreiber_et_al_2009
3,EU081198.1,III,Singapore,2005,Schreiber_et_al_2009
3,EU081199.1,III,Singapore,2005,Schreiber_et_al_2009
3,EU081200.1,III,Singapore,2005,Schreiber_et_al_2009
3,EU081201.1,III,Singapore,2005,Schreiber_et_al_2009
3,EU081202.1,III,Singapore,2005,Schreiber_et_al_2009
3,EU081203.1,III,Singapore,2005,Schreiber_et_al_2009
3,EU081204.1,III,Singapore,2005,Schreiber_et_al_2009
3,EU081205.1,III,Singapore,2005,Schreiber_et_al_2009
3,EU081206.1,III,Singapore,2005,Schreiber_et_al_2009
3,EU081207.1,III,Singapore,2005,Schreiber_et_al_2009
3,EU081208.1,III,Singapore,2005,Schreiber_et_al_2009
3,EU081209.1,III,Singapore,2005,Schreiber_et_al_2009
3,EU081210.1,III,Singapore,2005,Schreiber_et_al_2009
3,EU081211.1,III,Singapore,2005,Schreiber_et_al_2009
3,EU081212.1,III,Singapore,2005,Schreiber_et_al_2009
3,EU081213.1,III,Singapore,2005,Schreiber_et_al_2009
3,EU081214.1,III,Singapore,2005,Schreiber_et_al_2009
3,EU081215.1,III,Singapore,2005,Schreiber_et_al_2009
3,EU081216.1,III,Singapore,2005,Schreiber_et_al_2009
3,EU081217.1,III,Singapore,2005,Schreiber_et_al_2009
3,EU081218.1,III,Singapore,2005,Schreiber_et_al_2009
3,EU081219.1,III,Singapore,2005,Schreiber_et_al_2009
3,EU081220.1,III,Singapore,2005,Schreiber_et_al_2009
3,EU081221.1,I,Singapore,2005,Schreiber_et_al_2009
3,EU081222.1,III,Singapore,2005,Schreiber_et_al_2009
3,EU081223.1,I,Singapore,2005,Schreiber_et_al_2009
3,EU081224.1,III,Singapore,2005,Schreiber_et_al_2009
3,EU081225.1,III,Singapore,2005,Schreiber_et_al_2009
3,EU367962.1,XXX,China,xxx,Broad_Institute_Genome
3,EU482452.1,XXX,Viet_Nam__south,2006,Broad_Institute_Genome
3,EU482453.1,XXX,Viet_Nam__south,2006,Broad_Institute_Genome
3,EU482454.1,XXX,Viet_Nam__south,2006,Broad_Institute_Genome
3,EU482455.1,XXX,Viet_Nam__south,2006,Broad_Institute_Genome
3,EU482456.1,XXX,Viet_Nam__south,2006,Broad_Institute_Genome
3,EU482457.1,XXX,Viet_Nam__south,2006,Broad_Institute_Genome
3,EU482458.1,XXX,Viet_Nam__south,2006,Broad_Institute_Genome
3,EU482459.1,XXX,Viet_Nam__south,2006,Broad_Institute_Genome
3,EU482460.1,XXX,Viet_Nam__south,2006,Broad_Institute_Genome
3,EU482461.1,XXX,Viet_Nam__south,2007,Broad_Institute_Genome
3,EU482462.1,XXX,Viet_Nam__south,2007,Broad_Institute_Genome
3,EU482555.1,XXX,USA__Puerto_Rico,2006,Broad_Institute_Genome
3,EU482558.1,XXX,USA__Puerto_Rico,1988,Broad_Institute_Genome
3,EU482559.1,XXX,USA__Puerto_Rico,1988,Broad_Institute_Genome
3,EU482563.1,XXX,USA__Puerto_Rico,1988,Broad_Institute_Genome
3,EU482564.1,XXX,USA__Puerto_Rico,2003,Broad_Institute_Genome
3,EU482566.1,XXX,USA__Puerto_Rico,1988,Broad_Institute_Genome
3,EU482595.1,XXX,USA__Puerto_Rico,2003,Broad_Institute_Genome
3,EU482596.1,XXX,USA__Puerto_Rico,1988,Broad_Institute_Genome
3,EU482612.1,XXX,Venezuela__DF_Caracas,2001,Broad_Institute_Genome
3,EU482613.1,XXX,Venezuela__DF_Caracas,2001,Broad_Institute_Genome
3,EU482614.1,XXX,Venezuela__DF_Caracas,2001,Broad_Institute_Genome
3,EU529683.1,XXX,Venezuela__Aragua,2007,Broad_Institute_Genome
3,EU529684.1,XXX,Venezuela__DF_Caracas,2001,Broad_Institute_Genome
3,EU529685.1,XXX,Venezuela__DF_Caracas,2001,Broad_Institute_Genome
3,EU529686.1,XXX,Venezuela__DF_Caracas,2001,Broad_Institute_Genome
3,EU529687.1,XXX,Venezuela__DF_Caracas,2001,Broad_Institute_Genome
3,EU529688.1,XXX,Venezuela__DF_Caracas,2001,Broad_Institute_Genome
3,EU529689.1,XXX,Venezuela__DF_Caracas,2001,Broad_Institute_Genome
3,EU529690.1,XXX,Venezuela__DF_Caracas,2001,Broad_Institute_Genome
3,EU529691.1,XXX,Venezuela__DF_Caracas,2001,Broad_Institute_Genome
3,EU529692.1,XXX,USA__Puerto_Rico,2006,Broad_Institute_Genome
3,EU529696.1,XXX,USA__Puerto_Rico,2000,Broad_Institute_Genome
3,EU529697.1,XXX,USA__Puerto_Rico,2000,Broad_Institute_Genome
3,EU529698.1,XXX,USA__Puerto_Rico,2006,Broad_Institute_Genome
3,EU529699.1,XXX,USA__Puerto_Rico,2006,Broad_Institute_Genome
3,EU529702.1,XXX,USA__Puerto_Rico,2003,Broad_Institute_Genome
3,EU529703.1,XXX,USA__Puerto_Rico,1988,Broad_Institute_Genome
3,EU529704.1,XXX,USA__Puerto_Rico,2004,Broad_Institute_Genome
3,EU529705.1,XXX,USA__Puerto_Rico,2004,Broad_Institute_Genome
3,EU569688.1,XXX,Venezuela__DF_Caracas,2001,Broad_Institute_Genome
3,EU569689.1,XXX,Venezuela__DF_Caracas,2001,Broad_Institute_Genome
3,EU569690.1,XXX,Venezuela__DF_Caracas,2001,Broad_Institute_Genome
3,EU569691.1,XXX,Venezuela__DF_Caracas,2001,Broad_Institute_Genome
3,EU596492.1,XXX,USA__Puerto_Rico,2007,Broad_Institute_Genome
3,EU596493.1,XXX,USA__Puerto_Rico,2007,Broad_Institute_Genome
3,EU596494.1,XXX,USA__Puerto_Rico,2007,Broad_Institute_Genome
3,EU660407.1,XXX,Viet_Nam__South,2006,Broad_Institute_Genome
3,EU660408.1,XXX,Viet_Nam__South,2006,Broad_Institute_Genome
3,EU660409.1,XXX,Viet_Nam__South,2006,Broad_Institute_Genome
3,EU660410.1,XXX,Viet_Nam__South,2006,Broad_Institute_Genome
3,EU660411.1,XXX,Viet_Nam__South,2006,Broad_Institute_Genome
3,EU660420.1,XXX,Venezuela__DF_Caracas,2001,Broad_Institute_Genome
3,EU687196.1,XXX,USA__Puerto_Rico,2002,Broad_Institute_Genome
3,EU687197.1,XXX,USA__Puerto_Rico,2003,Broad_Institute_Genome
3,EU687198.1,XXX,USA__Puerto_Rico,2003,Broad_Institute_Genome
3,EU687218.1,XXX,USA__Puerto_Rico,1998,Broad_Institute_Genome
3,EU687219.1,XXX,USA__Puerto_Rico,1999,Broad_Institute_Genome
3,EU687221.1,XXX,USA__Puerto_Rico,2000,Broad_Institute_Genome
3,EU687226.1,XXX,USA__Puerto_Rico,1999,Broad_Institute_Genome
3,EU687233.1,XXX,USA__Puerto_Rico,2002,Broad_Institute_Genome
3,EU687234.1,XXX,USA__Puerto_Rico,2002,Broad_Institute_Genome
3,EU687239.1,XXX,USA__Puerto_Rico,2003,Broad_Institute_Genome
3,EU726768.1,XXX,USA__Puerto_Rico,2003,Broad_Institute_Genome
3,EU726769.1,XXX,USA__Puerto_Rico,2000,Broad_Institute_Genome
3,EU726771.1,XXX,USA__Puerto_Rico,1998,Broad_Institute_Genome
3,EU726772.1,XXX,USA__Puerto_Rico,1998,Broad_Institute_Genome
3,EU726773.1,XXX,USA__Puerto_Rico,1999,Broad_Institute_Genome
3,EU726774.1,XXX,USA__Puerto_Rico,1999,Broad_Institute_Genome
3,EU781136.1,XXX,USA__Puerto_Rico,1999,Broad_Institute_Genome
3,EU781137.1,XXX,USA__Puerto_Rico,1999,Broad_Institute_Genome
3,EU854291.1,XXX,Venezuela__District_Federal_Caracas,2004,Broad_Institute_Genome
3,EU854292.1,XXX,Venezuela__District_Federal_Caracas,2005,Broad_Institute_Genome
3,EU854298.1,XXX,USA__Puerto_Rico,2002,Broad_Institute_Genome
3,EU932687.1,XXX,Venezuela__Aragua,2007,Broad_Institute_Genome
3,EU932688.1,XXX,Venezuela__Aragua,2007,Broad_Institute_Genome
3,FJ024465.1,XXX,USA__Puerto_Rico,2004,Broad_Institute_Genome
3,FJ024466.1,XXX,USA__Puerto_Rico,2004,Broad_Institute_Genome
3,FJ024467.1,XXX,USA__Puerto_Rico,2004,Broad_Institute_Genome
3,FJ024468.1,XXX,USA__Puerto_Rico,2004,Broad_Institute_Genome
3,FJ024469.1,XXX,USA__Puerto_Rico,2004,Broad_Institute_Genome
3,FJ024470.1,XXX,USA__Puerto_Rico,2004,Broad_Institute_Genome
3,FJ024471.1,XXX,USA__Puerto_Rico,2004,Broad_Institute_Genome
3,FJ182004.1,XXX,USA__Puerto_Rico,2004,Broad_Institute_Genome
3,FJ182005.1,XXX,USA__Puerto_Rico,2004,Broad_Institute_Genome
3,FJ182006.1,XXX,USA__Puerto_Rico,2004,Broad_Institute_Genome
3,FJ182007.1,XXX,USA__Puerto_Rico,2005,Broad_Institute_Genome
3,FJ182008.1,XXX,USA__Puerto_Rico,2005,Broad_Institute_Genome
3,FJ182009.1,XXX,USA__Puerto_Rico,2005,Broad_Institute_Genome
3,FJ182010.1,XXX,USA__Puerto_Rico,2005,Broad_Institute_Genome
3,FJ182011.1,XXX,USA__Puerto_Rico,2005,Broad_Institute_Genome
3,FJ182013.1,XXX,USA__Puerto_Rico,1998,Broad_Institute_Genome
3,FJ182015.1,XXX,Venezuela__DF_Caracas,2001,Broad_Institute_Genome
3,FJ182037.1,XXX,USA__Puerto_Rico,2005,Broad_Institute_Genome
3,FJ182038.1,XXX,USA__Puerto_Rico,2005,Broad_Institute_Genome
3,FJ182039.1,XXX,USA__Puerto_Rico,2005,Broad_Institute_Genome
3,FJ182040.1,XXX,USA__Puerto_Rico,2005,Broad_Institute_Genome
3,FJ182041.1,XXX,USA__Puerto_Rico,2005,Broad_Institute_Genome
3,FJ205870.1,XXX,USA__Puerto_Rico,2003,Broad_Institute_Genome
3,FJ205871.1,XXX,USA__Puerto_Rico,1999,Broad_Institute_Genome
3,FJ373302.1,XXX,USA__Puerto_Rico,2004,Broad_Institute_Genome
3,FJ373303.1,XXX,Venezuela__District_Federal_Caracas,2001,Broad_Institute_Genome
3,FJ373304.1,XXX,Venezuela__District_Federal_Caracas,2004,Broad_Institute_Genome
3,FJ373306.1,XXX,USA__Puerto_Rico,2002,Broad_Institute_Genome
3,FJ390371.1,XXX,USA__Puerto_Rico,2003,Broad_Institute_Genome
3,FJ390372.1,XXX,USA__Puerto_Rico,2003,Broad_Institute_Genome
3,FJ390373.1,XXX,USA__Puerto_Rico,2002,Broad_Institute_Genome
3,FJ390375.1,XXX,USA__Puerto_Rico,1999,Broad_Institute_Genome
3,FJ390376.1,XXX,USA__Puerto_Rico,1999,Broad_Institute_Genome
3,FJ390377.1,XXX,USA__Puerto_Rico,1999,Broad_Institute_Genome
3,FJ410176.1,XXX,USA__Puerto_Rico,2000,Broad_Institute_Genome
3,FJ410177.1,XXX,USA__Puerto_Rico,2000,Broad_Institute_Genome
3,FJ410178.1,XXX,USA__Puerto_Rico,2002,Broad_Institute_Genome
3,FJ410229.1,XXX,Viet_Nam__South,2007,Broad_Institute_Genome
3,FJ432722.1,XXX,Viet_Nam__South,2007,Broad_Institute_Genome
3,FJ432728.1,XXX,Viet_Nam__South,2007,Broad_Institute_Genome
3,FJ432731.1,XXX,Viet_Nam__South,2007,Broad_Institute_Genome
3,FJ432741.1,XXX,Viet_Nam__South,2007,Broad_Institute_Genome
3,FJ432743.1|,XXX,Viet_Nam__South,2007,Broad_Institute_Genome
3,FJ461322.1,XXX,Viet_Nam__South,2008,Broad_Institute_Genome
3,FJ461326.1,XXX,Viet_Nam__South,2007,Broad_Institute_Genome
3,FJ461329.1,XXX,Viet_Nam__South,2007,Broad_Institute_Genome
3,FJ461334.1,XXX,Viet_Nam__South,2008,Broad_Institute_Genome
3,FJ461337.1,XXX,Viet_Nam__South,2008,Broad_Institute_Genome
3,FJ461338.1,XXX,Viet_Nam__South,2008,Broad_Institute_Genome
3,FJ478456.1,XXX,USA__Puerto_Rico,2002,Broad_Institute_Genome
3,FJ547061.1,XXX,USA__Puerto_Rico,2007,Broad_Institute_Genome
3,FJ547062.1,XXX,USA__Puerto_Rico,2007,Broad_Institute_Genome
3,FJ547066.1,XXX,USA__Puerto_Rico,2008,Broad_Institute_Genome
3,FJ547069.1,XXX,USA__Puerto_Rico,1999,Broad_Institute_Genome
3,FJ547070.1,XXX,USA__Puerto_Rico,1998,Broad_Institute_Genome
3,FJ547071.1,XXX,USA__Puerto_Rico,2000,Broad_Institute_Genome
3,FJ547072.1,XXX,USA__Puerto_Rico,2000,Broad_Institute_Genome
3,FJ547073.1,XXX,USA__Puerto_Rico,2000,Broad_Institute_Genome
3,FJ547074.1,XXX,USA__Puerto_Rico,2000,Broad_Institute_Genome
3,FJ547075.1,XXX,USA__Puerto_Rico,2000,Broad_Institute_Genome
3,FJ547076.1,XXX,USA__Puerto_Rico,2000,Broad_Institute_Genome
3,FJ547077.1,XXX,USA__Puerto_Rico,2000,Broad_Institute_Genome
3,FJ547078.1,XXX,USA__Puerto_Rico,2000,Broad_Institute_Genome
3,FJ547079.1,XXX,USA__Puerto_Rico,2001,Broad_Institute_Genome
3,FJ547080.1,XXX,USA__Puerto_Rico,2001,Broad_Institute_Genome
3,FJ547081.1,XXX,USA__Puerto_Rico,2001,Broad_Institute_Genome
3,FJ547082.1,XXX,USA__Puerto_Rico,2001,Broad_Institute_Genome
3,FJ547083.1,XXX,USA__Puerto_Rico,2002,Broad_Institute_Genome
3,FJ547084.1,XXX,USA__Puerto_Rico,2002,Broad_Institute_Genome
3,FJ547085.1,XXX,USA__Puerto_Rico,2006,Broad_Institute_Genome
3,FJ562097.1,XXX,Viet_Nam__South,2007,Broad_Institute_Genome
3,FJ562099.1,XXX,Viet_Nam__South,2007,Broad_Institute_Genome
3,FJ562100.1,XXX,Viet_Nam__South,2007,Broad_Institute_Genome
3,FJ562102.1,XXX,Viet_Nam__South,2007,Broad_Institute_Genome
3,FJ562103.1,XXX,Viet_Nam__South,2008,Broad_Institute_Genome
3,FJ562107.1,XXX,USA__Puerto_Rico,2000,Broad_Institute_Genome
3,FJ639712.1,XXX,Cambodia__KCH,2007,Broad_Institute_Genome
3,FJ639713.1,XXX,Cambodia__KCH,2007,Broad_Institute_Genome
3,FJ639714.1,XXX,Cambodia__KCH,2007,Broad_Institute_Genome
3,FJ639715.1,XXX,Cambodia__KCH,2008,Broad_Institute_Genome
3,FJ639716.1,XXX,Cambodia__KCH,2008,Broad_Institute_Genome
3,FJ639719.1,XXX,Cambodia__KCH,2000,Broad_Institute_Genome
3,FJ639720.1,XXX,Cambodia__KCH,2001,Broad_Institute_Genome
3,FJ639721.1,XXX,Cambodia__KCH,2002,Broad_Institute_Genome
3,FJ639722.1,XXX,Cambodia__KCH,2002,Broad_Institute_Genome
3,FJ639723.1,XXX,Cambodia__KCH,2003,Broad_Institute_Genome
3,FJ639724.1,XXX,Cambodia__KCH,2004,Broad_Institute_Genome
3,FJ639725.1,XXX,Cambodia__KCH,2003,Broad_Institute_Genome
3,FJ639726.1,XXX,Cambodia__KCH,2005,Broad_Institute_Genome
3,FJ639727.1,XXX,Cambodia__KCH,2005,Broad_Institute_Genome
3,FJ639728.1,XXX,Cambodia__KCH,2005,Broad_Institute_Genome
3,FJ639729.1,XXX,Cambodia__KCH,2006,Broad_Institute_Genome
3,FJ639730.1,XXX,Cambodia__KCH,2006,Broad_Institute_Genome
3,FJ639731.1,XXX,Cambodia__KCH,2007,Broad_Institute_Genome
3,FJ639746.1,XXX,Venezuela__Aragua,2000,Broad_Institute_Genome
3,FJ639747.1,XXX,Venezuela__Aragua,2000,Broad_Institute_Genome
3,FJ639749.1,XXX,Venezuela__Aragua,2000,Broad_Institute_Genome
3,FJ639750.1,XXX,Venezuela__Aragua,2000,Broad_Institute_Genome
3,FJ639751.1,XXX,Venezuela__Aragua,2001,Broad_Institute_Genome
3,FJ639752.1,XXX,Venezuela__Aragua,2001,Broad_Institute_Genome
3,FJ639753.1,XXX,Venezuela__Aragua,2001,Broad_Institute_Genome
3,FJ639754.1,XXX,Venezuela__Aragua,2001,Broad_Institute_Genome
3,FJ639755.1,XXX,Venezuela__Aragua,2001,Broad_Institute_Genome
3,FJ639756.1,XXX,Venezuela__Aragua,2001,Broad_Institute_Genome
3,FJ639757.1,XXX,Venezuela__Aragua,2001,Broad_Institute_Genome
3,FJ639758.1,XXX,Venezuela__Aragua,2001,Broad_Institute_Genome
3,FJ639759.1,XXX,Venezuela__Aragua,2001,Broad_Institute_Genome
3,FJ639760.1,XXX,Venezuela__Aragua,2001,Broad_Institute_Genome
3,FJ639761.1,XXX,Venezuela__Aragua,2001,Broad_Institute_Genome
3,FJ639762.1,XXX,USA__Puerto_Rico,2001,Broad_Institute_Genome
3,FJ639763.1,XXX,Venezuela__Aragua,2001,Broad_Institute_Genome
3,FJ639765.1,XXX,Venezuela__Aragua,2001,Broad_Institute_Genome
3,FJ639766.1,XXX,Venezuela__Aragua,2001,Broad_Institute_Genome
3,FJ639767.1,XXX,Venezuela__Aragua,2001,Broad_Institute_Genome
3,FJ639768.1,XXX,Venezuela__Aragua,2001,Broad_Institute_Genome
3,FJ639769.1,XXX,Venezuela__Aragua,2001,Broad_Institute_Genome
3,FJ639770.1,XXX,Venezuela__Aragua,2001,Broad_Institute_Genome
3,FJ639771.1,XXX,Venezuela__Aragua,2001,Broad_Institute_Genome
3,FJ639772.1,XXX,Venezuela__Aragua,2007,Broad_Institute_Genome
3,FJ639774.1,XXX,Venezuela__Aragua,2001,Broad_Institute_Genome
3,FJ639775.1,XXX,Venezuela__Aragua,2002,Broad_Institute_Genome
3,FJ639776.1,XXX,Venezuela__Aragua,2002,Broad_Institute_Genome
3,FJ639777.1,XXX,Venezuela__Aragua,2002,Broad_Institute_Genome
3,FJ639778.1,XXX,Venezuela__Aragua,2002,Broad_Institute_Genome
3,FJ639779.1,XXX,Venezuela__Aragua,2003,Broad_Institute_Genome
3,FJ639780.1,XXX,Venezuela__Aragua,2003,Broad_Institute_Genome
3,FJ639781.1,XXX,Venezuela__Aragua,2003,Broad_Institute_Genome
3,FJ639782.1,XXX,Venezuela__Aragua,2003,Broad_Institute_Genome
3,FJ639784.1,XXX,Venezuela__Aragua,2003,Broad_Institute_Genome
3,FJ639785.1,XXX,Venezuela__Aragua,2003,Broad_Institute_Genome
3,FJ639786.1,XXX,Venezuela__Aragua,2003,Broad_Institute_Genome
3,FJ639787.1,XXX,Venezuela__Aragua,2004,Broad_Institute_Genome
3,FJ639789.1,XXX,Venezuela__Aragua,2004,Broad_Institute_Genome
3,FJ639790.1,XXX,Venezuela__Aragua,2004,Broad_Institute_Genome
3,FJ639791.1,XXX,Venezuela__Aragua,2004,Broad_Institute_Genome
3,FJ639792.1,XXX,Venezuela__Aragua,2004,Broad_Institute_Genome
3,FJ639793.1,XXX,Venezuela__Aragua,2004,Broad_Institute_Genome
3,FJ639795.1,XXX,Venezuela__Aragua,2004,Broad_Institute_Genome
3,FJ639798.1,XXX,Venezuela__Aragua,2004,Broad_Institute_Genome
3,FJ639799.1,XXX,Venezuela__Aragua,2004,Broad_Institute_Genome
3,FJ639800.1,XXX,Venezuela__Aragua,2004,Broad_Institute_Genome
3,FJ639801.1,XXX,Venezuela__Aragua,2005,Broad_Institute_Genome
3,FJ639803.1,XXX,Venezuela__Aragua,2005,Broad_Institute_Genome
3,FJ639804.1,XXX,Venezuela__Aragua,2005,Broad_Institute_Genome
3,FJ639805.1,XXX,Venezuela__Aragua,2005,Broad_Institute_Genome
3,FJ639807.1,XXX,Venezuela__Aragua,2005,Broad_Institute_Genome
3,FJ639810.1,XXX,Venezuela__Aragua,2005,Broad_Institute_Genome
3,FJ639816.1,XXX,Venezuela__Aragua,2005,Broad_Institute_Genome
3,FJ639817.1,XXX,Venezuela__Aragua,2006,Broad_Institute_Genome
3,FJ639825.1,XXX,Venezuela__Aragua,2006,Broad_Institute_Genome
3,FJ639826.1,XXX,Venezuela__Aragua,2008,Broad_Institute_Genome
3,FJ639827.1,XXX,Venezuela__Aragua,2008,Broad_Institute_Genome
3,FJ687448.1,XXX,Thailand: Kampheange Phet,2001,Broad_Institute_Genome
3,FJ744700.1,XXX,Venezuela: Aragua,2001,Broad_Institute_Genome
3,FJ744726.1,XXX,Thailand: Kampheange Phet,2001,Broad_Institute_Genome
3,FJ744727.1,XXX,Thailand: Kampheange Phet,2001,Broad_Institute_Genome
3,FJ744728.1,XXX,Thailand: Kampheange Phet,2001,Broad_Institute_Genome
3,FJ744729.1,XXX,Thailand: Kampheange Phet,2001,Broad_Institute_Genome
3,FJ744730.1,XXX,Thailand: Kampheange Phet,2001,Broad_Institute_Genome
3,FJ744731.1,XXX,Thailand: Kampheange Phet,2001,Broad_Institute_Genome
3,FJ744732.1,XXX,Thailand: Kampheange Phet,2001,Broad_Institute_Genome
3,FJ744733.1,XXX,Thailand: Kampheange Phet,2001,Broad_Institute_Genome
3,FJ744734.1,XXX,Thailand: Kampheange Phet,2001,Broad_Institute_Genome
3,FJ744735.1,XXX,Thailand: Kampheange Phet,2001,Broad_Institute_Genome
3,FJ744736.1,XXX,Thailand: Kampheange Phet,2001,Broad_Institute_Genome
3,FJ744737.1,XXX,Thailand: Kampheange Phet,2001,Broad_Institute_Genome
3,FJ744738.1,XXX,Thailand: Kampheange Phet,2001,Broad_Institute_Genome
3,FJ744739.1,XXX,Thailand: Kampheange Phet,2001,Broad_Institute_Genome
3,FJ744740.1,XXX,Thailand: Kampheange Phet,2001,Broad_Institute_Genome
3,FJ810413.1,XXX,Thailand__Kampheange_Phet,2001,Broad_Institute_Genome
3,FJ810414.1,XXX,Thailand__Kampheange_Phet,2001,Broad_Institute_Genome
3,FJ810416.1,XXX,Venezuela__Aragua,2001,Broad_Institute_Genome
3,FJ850048.1,XXX,Nicaragua__Managua,2008,Broad_Institute_Genome
3,FJ850049.1,XXX,Nicaragua__Managua,2008,Broad_Institute_Genome
3,FJ850052.1,XXX,Nicaragua__Managua,2008,Broad_Institute_Genome
3,FJ850055.1,XXX,USA__Puerto_Rico,2004,Broad_Institute_Genome
3,FJ850056.1,XXX,USA__Puerto_Rico,2004,Broad_Institute_Genome
3,FJ850079.1,XXX,Brazil__Northern,2003,Broad_Institute_Genome
3,FJ850080.1,XXX,Brazil__Northern,2003,Broad_Institute_Genome
3,FJ850083.1,XXX,Brazil__Northern,2004,Broad_Institute_Genome
3,FJ850086.1,XXX,Brazil__Northern,2005,Broad_Institute_Genome
3,FJ850089.1,XXX,Brazil__Northern,2006,Broad_Institute_Genome
3,FJ850092.1,XXX,Brazil__Northern,2007,Broad_Institute_Genome
3,FJ850094.1,XXX,Brazil__Northern,2008,Broad_Institute_Genome
3,FJ850096.1,XXX,Venezuela__Aragua,2001,Broad_Institute_Genome
3,FJ850097.1,XXX,Venezuela__Aragua,2001,Broad_Institute_Genome
3,FJ850098.1,XXX,Venezuela__Aragua,2001,Broad_Institute_Genome
3,FJ850109.1,XXX,Venezuela__Aragua,2007,Broad_Institute_Genome
3,FJ850110.1,XXX,Venezuela__Aragua,2007,Broad_Institute_Genome
3,FJ850111.1,XXX,Venezuela__Aragua,2007,Broad_Institute_Genome
3,FJ873812.1,XXX,Nicaragua__Managua,2008,Broad_Institute_Genome
3,FJ873813.1,XXX,Nicaragua__Managua,2008,Broad_Institute_Genome
3,FJ882571.1,XXX,Sri_Lanka,1989,Broad_Institute_Genome
3,FJ882572.1,XXX,Sri_Lanka,1989,Broad_Institute_Genome
3,FJ882573.1,XXX,Sri_Lanka,1993,Broad_Institute_Genome
3,FJ882574.1,XXX,Sri_Lanka,1985,Broad_Institute_Genome
3,FJ882575.1,XXX,Mozambique,1985,Broad_Institute_Genome
3,FJ882576.1,XXX,Nicaragua__Managua,1994,Broad_Institute_Genome
3,FJ882577.1,XXX,Venezuela__Aragua,2001,Broad_Institute_Genome
3,FJ882578.1,XXX,Venezuela__Aragua,2001,Broad_Institute_Genome
3,FJ898440.1,XXX,Mexico__Morelos,2003,Broad_Institute_Genome
3,FJ898441.1,XXX,Mexico__Distrito_Federal,2006,Broad_Institute_Genome
3,FJ898442.1,XXX,Mexico__Puebla,2007,Broad_Institute_Genome
3,FJ898443.1,XXX,Colombia__Santander,2003,Broad_Institute_Genome
3,FJ898444.1,XXX,Colombia__Norte_de_Santander,2005,Broad_Institute_Genome
3,FJ898445.1,XXX,Colombia__Santander,2007,Broad_Institute_Genome
3,FJ898446.1,XXX,Brazil,2001,Broad_Institute_Genome
3,FJ898447.1,XXX,Brazil,2003,Broad_Institute_Genome
3,FJ898455.1,XXX,Cook_Islands,1991,Broad_Institute_Genome
3,FJ898456.1,XXX,Samoa,1995,Broad_Institute_Genome
3,FJ898457.1,XXX,Ecuador,2000,Broad_Institute_Genome
3,FJ898458.1,XXX,Peru,2002,Broad_Institute_Genome
3,FJ898459.1,XXX,Trinidad_and_Tobago,2002,Broad_Institute_Genome
3,FJ898462.1,XXX,Anguilla,2001,Broad_Institute_Genome
3,FJ898463.1,XXX,Saint_Lucia,2001,Broad_Institute_Genome
3,FJ898464.1,XXX,Guyana,2002,Broad_Institute_Genome
3,FJ898468.1,XXX,Venezuela__Aragua,2000,Broad_Institute_Genome
3,FJ898469.1,XXX,Venezuela__Aragua,2001,Broad_Institute_Genome
3,FJ898470.1,XXX,Venezuela__Aragua,2001,Broad_Institute_Genome
3,FJ898471.1,XXX,Venezuela__Aragua,2002,Broad_Institute_Genome
3,FJ898472.1,XXX,Venezuela__Aragua,2003,Broad_Institute_Genome
3,FJ898473.1,XXX,Venezuela__Aragua,2003,Broad_Institute_Genome
3,FJ898474.1,XXX,Venezuela__Aragua,2007,Broad_Institute_Genome
3,FJ898475.1,XXX,Nicaragua__Managua,2008,Broad_Institute_Genome
3,FJ898476.1,XXX,Nicaragua__Managua,2008,Broad_Institute_Genome
3,FJ913015.1,XXX,Brazil__Central_west,2001,Broad_Institute_Genome
3,FN429896.1,XXX,Malaysia_Kuala_Lumpur,1995,Broad_Institute_Genome
3,FN429897.1,XXX,Malaysia_Kuala_Lumpur,1995,Broad_Institute_Genome
3,FN429898.1,XXX,Malaysia_Kuala_Lumpur,1996,Broad_Institute_Genome
3,FN429899.1,XXX,Malaysia_Kuala_Lumpur,1997,Broad_Institute_Genome
3,FN429900.1,XXX,Malaysia_Kuala_Lumpur,1999,Broad_Institute_Genome
3,FN429901.1,XXX,Malaysia_Kuala_Lumpur,2000,Broad_Institute_Genome
3,FN429902.1,XXX,Malaysia_Kuala_Lumpur,2000,Broad_Institute_Genome
3,FN429903.1,XXX,Malaysia_Kuala_Lumpur,2000,Broad_Institute_Genome
3,FN429904.1,XXX,Malaysia_Kuala_Lumpur,2000,Broad_Institute_Genome
3,FN429905.1,XXX,Malaysia_Kuala_Lumpur,2000,Broad_Institute_Genome
3,FN429906.1,XXX,Malaysia_Kuala_Lumpur,2001,Broad_Institute_Genome
3,FN429907.1,XXX,Malaysia_Kuala_Lumpur,2001,Broad_Institute_Genome
3,FN429908.1,XXX,Malaysia_Kuala_Lumpur,2002,Broad_Institute_Genome
3,FN429909.1,XXX,Malaysia_Kuala_Lumpur,2002,Broad_Institute_Genome
3,FN429910.1,XXX,Malaysia_Kuala_Lumpur,2003,Broad_Institute_Genome
3,FN429911.1,XXX,Malaysia_Kuala_Lumpur,2003,Broad_Institute_Genome
3,FN429912.1,XXX,Malaysia_Kuala_Lumpur,2004,Broad_Institute_Genome
3,FN429913.1,XXX,Malaysia_Kuala_Lumpur,2004,Broad_Institute_Genome
3,FN429914.1,XXX,Malaysia_Kuala_Lumpur,2005,Broad_Institute_Genome
3,FN429915.1,XXX,Malaysia_Kuala_Lumpur,2005,Broad_Institute_Genome
3,FN429916.1,XXX,Malaysia_Kuala_Lumpur,2005,Broad_Institute_Genome
3,FN429917.1,XXX,Malaysia_Kuala_Lumpur,2005,Broad_Institute_Genome
3,FN429918.1,XXX,Malaysia_Kuala_Lumpur,2005,Broad_Institute_Genome
3,GQ199860.1,XXX,Nicaragua__Managua,2008,Broad_Institute_Genome
3,GQ199861.1,XXX,Nicaragua__Managua,2008,Broad_Institute_Genome
3,GQ199862.1,XXX,Nicaragua__Managua,2008,Broad_Institute_Genome
3,GQ199863.1,XXX,Nicaragua__Managua,2008,Broad_Institute_Genome
3,GQ199864.1,XXX,Nicaragua__Managua,2008,Broad_Institute_Genome
3,GQ199865.1,XXX,Nicaragua__Managua,2009,Broad_Institute_Genome
3,GQ199870.1,XXX,Nicaragua__Managua,2008,Broad_Institute_Genome
3,GQ199871.1,XXX,Nicaragua__Managua,2008,Broad_Institute_Genome
3,GQ199886.1,XXX,Nicaragua,1998,Broad_Institute_Genome
3,GQ199887.1,XXX,Sri_Lanka__Western_Province,1983,Broad_Institute_Genome
3,GQ199888.1,XXX,Sri_Lanka__Western_Province,1983,Broad_Institute_Genome
3,GQ199889.1,XXX,Sri_Lanka__Western_Province,1983,Broad_Institute_Genome
3,GQ199891.1,XXX,Colombia__Santander,2001,Broad_Institute_Genome
3,GQ252674.1,XXX,Sri_Lanka__Western_Province,1997,Broad_Institute_Genome
3,GQ252678.1,XXX,Venezuela__Aragua,2001,Broad_Institute_Genome
3,GQ868546.1,XXX,Brazil__Sao_Paulo,2006,Broad_Institute_Genome
3,GQ868547.1,XXX,Brazil__Sao_Paulo,2006,Broad_Institute_Genome
3,GQ868548.1,XXX,Brazil__Sao_Paulo,2006,Broad_Institute_Genome
3,GQ868571.1,XXX,Colombia__Santander,2002,Broad_Institute_Genome
3,GQ868572.1,XXX,Colombia__Santander,2003,Broad_Institute_Genome
3,GQ868573.1,XXX,Colombia__Santander,2003,Broad_Institute_Genome
3,GQ868574.1,XXX,Colombia__Santander,2003,Broad_Institute_Genome
3,GQ868575.1,XXX,Colombia__Santander,2004,Broad_Institute_Genome
3,GQ868576.1,XXX,Colombia__Norte_de_Santander,2005,Broad_Institute_Genome
3,GQ868577.1,XXX,Colombia__Norte_de_Santander,2005,Broad_Institute_Genome
3,GQ868578.1,XXX,Colombia__Santander,2007,Broad_Institute_Genome
3,GQ868586.1,XXX,Venezuela__Aragua,2007,Broad_Institute_Genome
3,GQ868587.1,XXX,Venezuela__Aragua,2007,Broad_Institute_Genome
3,GQ868593.1,XXX,Thailand,1973,Broad_Institute_Genome
3,GQ868616.1,XXX,Saint_Lucia,2001,Broad_Institute_Genome
3,GQ868617.1,XXX,Trinidad_and_Tobago__Trinidad,2002,Broad_Institute_Genome
3,GQ868626.1,XXX,Cambodia__PHP,2001,Broad_Institute_Genome
3,GQ868627.1,XXX,Cambodia__KCH,2002,Broad_Institute_Genome
3,GQ868628.1,XXX,Cambodia__BTB,2005,Broad_Institute_Genome
3,GQ868629.1,XXX,Cambodia__PHP,2005,Broad_Institute_Genome
3,GQ868634.1,XXX,Cambodia__KCH,2006,Broad_Institute_Genome
3,GU131844.1,XXX,Brazil__Sao_Paulo,2006,Broad_Institute_Genome
3,GU131845.1,XXX,Brazil__Sao_Paulo,2006,Broad_Institute_Genome
3,GU131846.1,XXX,Brazil__Sao_Paulo,2006,Broad_Institute_Genome
3,GU131847.1,XXX,Brazil__Sao_Paulo,2006,Broad_Institute_Genome
3,GU131848.1,XXX,Brazil__Sao_Paulo,2006,Broad_Institute_Genome
3,GU131849.1,XXX,Brazil__Sao_Paulo,2006,Broad_Institute_Genome
3,GU131850.1,XXX,Brazil__Sao_Paulo,2006,Broad_Institute_Genome
3,GU131851.1,XXX,Brazil__Sao_Paulo,2006,Broad_Institute_Genome
3,GU131852.1,XXX,Brazil__Sao_Paulo,2006,Broad_Institute_Genome
3,GU131853.1,XXX,Brazil__Sao_Paulo,2006,Broad_Institute_Genome
3,GU131854.1,XXX,Brazil__Sao_Paulo,2006,Broad_Institute_Genome
3,GU131855.1,XXX,Brazil__Sao_Paulo,2006,Broad_Institute_Genome
3,GU131856.1,XXX,Brazil__Sao_Paulo,2006,Broad_Institute_Genome
3,GU131857.1,XXX,Brazil__Sao_Paulo,2006,Broad_Institute_Genome
3,GU131858.1,XXX,Brazil__Sao_Paulo,2006,Broad_Institute_Genome
3,GU131859.1,XXX,Brazil__Sao_Paulo,2006,Broad_Institute_Genome
3,GU131860.1,XXX,Brazil__Sao_Paulo,2006,Broad_Institute_Genome
3,GU131861.1,XXX,Brazil__Sao_Paulo,2007,Broad_Institute_Genome
3,GU131862.1,XXX,Brazil__Sao_Paulo,2007,Broad_Institute_Genome
3,GU131865.1,XXX,Brazil__Sao_Paulo,2006,Broad_Institute_Genome
3,GU131866.1,XXX,Brazil__Sao_Paulo,2007,Broad_Institute_Genome
3,GU131867.1,XXX,Brazil__Sao_Paulo,2007,Broad_Institute_Genome
3,GU131868.1,XXX,Brazil__Sao_Paulo,2007,Broad_Institute_Genome
3,GU131869.1,XXX,Brazil__Sao_Paulo,2007,Broad_Institute_Genome
3,GU131870.1,XXX,Brazil__Sao_Paulo,2007,Broad_Institute_Genome
3,GU131871.1,XXX,Brazil__Sao_Paulo,2007,Broad_Institute_Genome
3,GU131872.1,XXX,Brazil__Sao_Paulo,2007,Broad_Institute_Genome
3,GU131873.1,XXX,Brazil__Sao_Paulo,2007,Broad_Institute_Genome
3,GU131874.1,XXX,Brazil__Sao_Paulo,2007,Broad_Institute_Genome
3,GU131875.1,XXX,Brazil__Sao_Paulo,2007,Broad_Institute_Genome
3,GU131876.1,XXX,Brazil__Sao_Paulo,2007,Broad_Institute_Genome
3,GU131877.1,XXX,Brazil__Sao_Paulo,2007,Broad_Institute_Genome
3,GU131878.1,XXX,Brazil__Sao_Paulo,2007,Broad_Institute_Genome
3,GU131903.1,XXX,Cambodia__BMC,2008,Broad_Institute_Genome
3,GU131904.1,XXX,Cambodia__KCH,2005,Broad_Institute_Genome
3,GU131905.1,XXX,Cambodia__KCH,2008,Broad_Institute_Genome
3,GU131906.1,XXX,Cambodia__KSO,2003,Broad_Institute_Genome
3,GU131907.1,XXX,Cambodia__KCH,2006,Broad_Institute_Genome
3,GU131908.1,XXX,Cambodia__KCH,2006,Broad_Institute_Genome
3,GU131909.1,XXX,Cambodia__KCH,2006,Broad_Institute_Genome
3,GU131910.1,XXX,Cambodia__KCH,2006,Broad_Institute_Genome
3,GU131911.1,XXX,Cambodia__KCH,2006,Broad_Institute_Genome
3,GU131912.1,XXX,Cambodia__KCH,2007,Broad_Institute_Genome
3,GU131913.1,XXX,Cambodia__KCH,2007,Broad_Institute_Genome
3,GU131914.1,XXX,Cambodia__KCH,2007,Broad_Institute_Genome
3,GU131915.1,XXX,Cambodia__KCH,2007,Broad_Institute_Genome
3,GU131916.1,XXX,Cambodia__KCH,2007,Broad_Institute_Genome
3,GU131917.1,XXX,Cambodia__KCH,2007,Broad_Institute_Genome
3,GU131918.1,XXX,Cambodia__KCH,2007,Broad_Institute_Genome
3,GU131933.1,XXX,Cambodia__KCH,2006,Broad_Institute_Genome
3,GU131934.1,XXX,Cambodia__KCH,2007,Broad_Institute_Genome
3,GU131935.1,XXX,Cambodia__KCH,2007,Broad_Institute_Genome
3,GU131936.1,XXX,Cambodia__KCH,2007,Broad_Institute_Genome
3,GU131937.1,XXX,Cambodia__KCH,2007,Broad_Institute_Genome
3,GU131938.1,XXX,Cambodia__KCH,2007,Broad_Institute_Genome
3,GU131939.1,XXX,Cambodia__KCH,2007,Broad_Institute_Genome
3,GU131940.1,XXX,Cambodia__KCH,2007,Broad_Institute_Genome
3,GU131941.1,XXX,Cambodia__KCH,2007,Broad_Institute_Genome
3,GU131942.1,XXX,Cambodia__KCH,2007,Broad_Institute_Genome
3,GU131943.1,XXX,Cambodia__KCH,2007,Broad_Institute_Genome
3,GU131944.1,XXX,Cambodia__KCH,2007,Broad_Institute_Genome
3,GU131945.1,XXX,Cambodia__KCH,2007,Broad_Institute_Genome
3,GU131946.1,XXX,Cambodia__KCH,2008,Broad_Institute_Genome
3,GU131950.1,XXX,Colombia__Santander,2001,Broad_Institute_Genome
3,GU131951.1,XXX,Colombia__Santander,2003,Broad_Institute_Genome
3,GU131952.1,XXX,Colombia__Santander,2003,Broad_Institute_Genome
3,GU131953.1,XXX,Colombia__Santander,2004,Broad_Institute_Genome
3,GU131954.1,XXX,Colombia__Norte_de_Santander,2006,Broad_Institute_Genome
3,GU189648.1,XXX,China__Zhejiang,2009,_Wo_et_al.2009
3,GU363549.1,XXX,China__Guangzhou,2009,Zhang_et_al.2009
3,HM181933.1,xxx,Cambodia: KCH,2006,Broad_Institute_Genome
3,HM181934.1,xxx,Cambodia: KCH,2006,Broad_Institute_Genome
3,HM181935.1,xxx,Cambodia: KCH,2007,Broad_Institute_Genome
3,HM181972.1,xxx,Nicaragua: Managua,2009,Broad_Institute_Genome
3,HM181973.1,xxx,Nicaragua: Managua,2009,Broad_Institute_Genome
3,HM181974.1,xxx,Nicaragua: Managua,2009,Broad_Institute_Genome
3,HM181975.1,xxx,Nicaragua: Managua,2009,Broad_Institute_Genome
3,HM181976.1,xxx,Nicaragua: Managua,2009,Broad_Institute_Genome
3,HM181977.1,xxx,Nicaragua: Managua,2009,Broad_Institute_Genome
3,HM181978.1,xxx,Nicaragua: Managua,2009,Broad_Institute_Genome
3,M93130.1,V,Philipinas,1956,Chwan_Chuen_K._Et_al_2008
3,NC_001475.2,XXX,Sri_Lanka,XXX,_Peyrefitte_et_al.2003
