1,AF226685.2,IV,West Pacific,1974,Imrie.etla.2010,
1,AF226686.1,xxx,US:Puerto Rico,1995,Carvalho.etal.2010,
1,AY277666.1,I,Thailand,1964,Imrie.etla.2010 Carvalho.etal.2010,
1,AY708047.1,xxx,xxx,2011,Carvalho.etal.2010,
1,AY713473.1,V,xxx,2011,Carvalho.etal.2010/Imrie.etal.2010,
1,AY713474.1,xxx,USA: Puerto Rico,1987,Broad Institute Genome,
1,AY713475.1,V,Venezuela: Aragua,2004,Camacho.etal.2007,
1,AY713476.1,xxx,Japan,xxx,Nukui.etal.2006,
1,AY722801.1,xxx,Brazil:Brasilia,1990,Camacho.etal.2007,Carvalho.etal.2010
1,AY722802.1,III _ V,Brazil,1990,Schreiber.etal.2009/Zhang.etal.2005/Thu.etal.2005_Cáceres.etal.2008/Camacho.etal.2007/Barrero.etal.2004/Aviles.etal.2003*/Carvalho.etal.2010,
1,AY722803.1,III _ V,French Guiana,xxx,Schreiber.etal.2009_ Barrero.etal.2004/Carvalho.etal.2009,
1,AY726549.1,III _ V,French Guiana,1989,Schreiber.etal.2009/Thu.etal.2005_Cáceres.etal.2008/Osman.etal.2009/Camacho.etal.2007/Barrero.etal.2004/Aviles.etal.2003*/Carvalho.etal.2010/Imrie.etal.2010,
1,AY726550.1,III_V,Abidjan Coˆte d’Ivoire,1998,Zhang.etal.2005/Thu.etal.2005_ Cáceres.etal.2008/ Osman.etal.2009_ Barrero.etal.2004,
1,AY726551.1,I,Ethiopia (Djibouti),1998,Cáceres.etal.2008_ Osman.etal.2009_ Zhang.etal.2005_Camacho.etal.2007_ Thu.etal.2005_Aviles.etal.2003,
1,AY726552.1,I,Cambodia,1998,Cáceres.etal.2008 _ Schreiber.etal.2009_ Osman.etal.2009_ Thuetal.2005_Aviles.etal.2003,
1,AY726553.1,III _ V,Brazil,1997,Schreiber.etal.2009/Thu.etal.2005 _ Cáceres.etal.2008/Carvalho etal.2010/Barrero.etal.2004/Aviles.etal.2003,
1,DQ672556.1,III_ V,Brazil,1997,Schreiber.etal.2009/Thu.etal.2005_ Barrero.etal.2004/Carvalho.etal.2010,
1,DQ672557.1,III _ V,Brazil,xxx,"Schreiber.etal.2009/Thu.etal.,2005_ Camacho.etal.2007/Barrero.etal.2004/Carvalho.etal.2010"
1,DQ672558.1,I,China,1980,Cáceres.etal.2008 _ Schreiber.etal.2009_Osman.etal.2009_ Zhang.etal.2005_ Thu.etal.2005_Aviles.etal.2003,
1,DQ672559.1,III_ V,Brazil,2001,Schreiber.etal.2009/Thu.etal.2005_ Camacho etal.2007/Barrero.etal.2004/Aviles.etal.2003/Carvalho.etal.2010,
1,DQ672560.1,III_V,Argentina,1999,Schreiber.etal.2009 _Cáceres.etal.2008/Carvalho.etal.2010,
1,DQ672561.1,III,Argentina,2000,Schreiber.etal.2009_Carvalho.etal.2010,
1,DQ672562.1,III,Argentina,2000,Schreiber.etal.2009_Carvalho.etal.2010,
1,EU081237.1,I,Myanmar,2001,Schreiber.etal.2009,
1,EU081238.1,III,Myanmar,1971,Schreiber.etal.2009,
1,EU081239.1,I,Myanmar,2001,Schreiber.etal.2009,
1,EU081240.1,I,Myanmar,2001,Schreiber.etal.2009,
1,EU081241.1,I,Myanmar,2001,Schreiber.etal.2009,
1,EU081242.1,III,Myanmar,1976,Schreiber.etal.2009,
1,EU081245.1,I,Myanmar,2001,Schreiber.etal.2009,
1,EU081246.1,I,Myanmar,2001,Schreiber.etal.2009,
1,EU081247.1,I,Myanmar,2001,Camacho.etal.2007,
1,EU081248.1,I,Myanmar,2001,Camacho.etal.2007,
1,EU081249.1,I,Myanmar,2002,Camacho.etal.2007,
1,EU081250.1,I,Myanmar,1998,Schreiber.etal.2009,
1,EU081251.1,I,Myanmar,xxx,Schreiber.etal.2009,
1,EU081252.1,III,Thailand: Bangkok,1980,Schreiber.etal.2009,
1,EU081253.1,I,Thailand: Bangkok,1994,Schreiber.etal.2009,
1,EU081254.2,III,Thailand: Bangkok,1980,Schreiber.etal.2009,
1,EU081255.1,I,Thailand: Bangkok,1991,Schreiber.etal.2009/Camacho.etal.2007,
1,EU081259.1,I,Thailand: Bangkok,1982,Schreiber.etal.2009,
1,EU081260.1,I,Thailand: Bangkok,2001,Schreiber.etal.2009,
1,EU081261.1,I,Thailand: Bangkok,1981,Schreiber.etal.2009,
1,EU081262.2,III_V,Singapore,2000,Schreiber.etal.2009_Imrie.etal.2010,
1,EU081263.1,xxx,China,2004,Lu.etal_unpublished,
1,EU081264.1,I,China: Fujian,2004,Schreiber.etal.2009,
1,EU081265.1,II_ IV,French Polynesia,2001,Schreiber.etal.2009 _ Cáceres.etal.2008/Imrie.etal.2010,
1,EU081266.1,II_ IV,French Polynesia,2001,Schreiber.etal.2009 _ Cáceres.etal.2008/Imrie.etal.2010,
1,EU081267.1,II_ IV,French Polynesia,2001,Schreiber.etal.2009_Imrie.etal.2010,
1,EU081268.1,II_ IV,French Polynesia,2001,Schreiber.etal.2009 _ Cáceres.etal.2008/Imrie.etal.2010,
1,EU081269.1,II_ IV,Hawaii,2001,Schreiber.etal.2009 _ Cáceres.etal.2008/Imrie.etal.2010_Carvalho.al.2010,
1,EU081270.1,II_ IV,Hawaii,2001,Schreiber.etal.2009_Carvalho.etal.2010/Imrie.etal.2010,
1,EU081271.1,II_ IV,Hawaii,2001,Schreiber.etal.2009 _ Cáceres.etal.2008/Imrie.etal.2010_Carvalho.al.2010,
1,EU081272.1,II_IV,Hawaii,2001,Schreiber.etal.2009_Imrie.etal.2010Carvalho.etal.2010,
1,EU081273.1,II_IV,Hawaii,2001,Schreiber.etal.2009_Imrie.etal.2010_Carvalho.etal.2010,
1,EU081274.1,II _ IV,China,1971,Schreiber.etal.2009_ Osman.etal.2009,
1,EU081275.1,xxx,China,2001,Zhou.etal.2008,
1,EU081276.1,III,Malaysia (Ecotipo selvático),1972,Camacho.etal.2007,
1,EU081277.1,I,Singapore,2005,Schreiber.etal.2009,
1,EU081278.1,I,Singapore,2005,Schreiber.etal.2009,
1,EU081279.1,I,Singapore,2005,Schreiber.etal.2009,
1,EU081280.1,I,Singapore,2005,Schreiber.etal.2009,
1,EU081281.1,II_ IV,Singapore,2005,Schreiber.etal.2009,
1,EU179861,II_ IV,Singapore,2005,Schreiber.etal.2009,
1,EU280167,II_ IV,Singapore,2005,Schreiber.etal.2009,
1,EU596501.1,II_ IV,Singapore,2005,Schreiber.etal.2009,
1,EU596502.1,II_ IV,Singapore,2005,Schreiber.etal.2009,
1,EU596503.1,II_ IV,Singapore,2005,Schreiber.etal.2009,
1,EU596504.1,II_ IV,Singapore,2005,Schreiber.etal.2009,
1,EU677151,I,Singapore,2005,Schreiber.etal.2009,
1,EU848545,I,Singapore,2005,Schreiber.etal.2009,
1,FJ024423.1,I,Singapore,2005,Schreiber.etal.2009,
1,FJ024478.1,I,Singapore,2005,Schreiber.etal.2009,
1,FJ024479.1,I,Singapore,2005,Schreiber.etal.2009,
1,FJ024480.1,I,Singapore,2005,Schreiber.etal.2009,
1,FJ024481.1,I,Singapore,2005,Schreiber.etal.2009,
1,FJ024482.1,I,Singapore,2005,Schreiber.etal.2009,
1,FJ024483.1,I,Singapore,2005,Schreiber.etal.2009,
1,FJ024484.1,I,Singapore,2005,Schreiber.etal.2009,
1,FJ024485.1,I,Singapore,2005,Schreiber.etal.2009,
1,FJ182002.1,I,Singapore,2005,Schreiber.etal.2009,
1,FJ182024.1,I,Singapore,2005,Schreiber.etal.2009,
1,FJ182025.1,I,Singapore,2005,Schreiber.etal.2009,
1,FJ182026.1,I,Singapore,2005,Schreiber.etal.2009,
1,FJ182027.1,I,Singapore,2005,Schreiber.etal.2009,
1,FJ182028.1,I,Singapore,2005,Schreiber.etal.2009,
1,FJ182029.1,I,Singapore,2005,Schreiber.etal.2009,
1,FJ182030.1,I,Singapore,2005,Schreiber.etal.2009,
1,FJ182031.1,I,Singapore,2005,Schreiber.etal.2009,
1,FJ182032.1,I,Singapore,2005,Schreiber.etal.2009,
1,FJ182033.1,III,Singapore,2005,Schreiber.etal.2009,
1,FJ182034.1,I,Singapore,2005,Schreiber.etal.2009,
1,FJ182035.1,I,Singapore,2005,Schreiber.etal.2009,
1,FJ182036.1,III,Singapore,2005,Schreiber.etal.2009,
1,FJ205876.1,I,Singapore,2003,Schreiber.etal.2009_Carvalho.etal.2010,
1,FJ205881.1,I,Singapore,2005,Schreiber.etal.2009,
1,FJ205882.1,III,Singapore,2005,Schreiber.etal.2009,
1,FJ205883.1,III,Singapore,2005,Schreiber.etal.2009,
1,FJ205884.1,III,Singapore,2005,Schreiber.etal.2009,
1,FJ373296.1,III,Singapore,2005,Schreiber.etal.2009,
1,FJ373297.1,III,Singapore,2005,Schreiber.etal.2009,
1,FJ373298.1,III,Singapore,2005,Schreiber.etal.2009,
1,FJ373305.1,III,Singapore,2005,Schreiber.etal.2009,
1,FJ384655,III,Singapore,2005,Schreiber.etal.2009,
1,FJ390374.1,III,Singapore,2005,Schreiber.etal.2009,
1,FJ390378.1,III,Singapore,2005,Schreiber.etal.2009,
1,FJ390379.1,III,Singapore,2005,Schreiber.etal.2009,
1,FJ390380.1,III,Singapore,2005,Schreiber.etal.2009,
1,FJ390381.1,III,Singapore,2005,Schreiber.etal.2009,
1,FJ390382.1,III,Singapore,2005,Schreiber.etal.2009,
1,FJ390383.1,III,Singapore,2005,Schreiber.etal.2009,
1,FJ390386.1,I,Singapore,2005,Schreiber.etal.2009,
1,FJ390388.1,I,Singapore,2005,Schreiber.etal.2009,
1,FJ410173.1,I,Singapore,2005,Schreiber.etal.2009,
1,FJ410174.1,xxx,Brunei,2007,Osman.etal.2009,
1,FJ410175.1,xxx,China: Guangzhou,xxx,Broad Institute Genome,
1,FJ410179.1,xxx,Nicaragua: Managua,2004,Carvalho.etal.2010,
1,FJ410180.1,xxx,Nicaragua: Managua,2005,Broad Institute Genome,
1,FJ410181.1,xxx,Nicaragua: Managua,2005,Broad Institute Genome,
1,FJ410182.1,xxx,Nicaragua: Managua,2005,Broad Institute Genome,
1,FJ410199.1,xxx,Viet Nam: South,2007,Broad Institute Genome,
1,FJ410201.1,IV,USA: Hawaii,1944,Camacho.etal.2007_Carvalho.etal.2010,
1,FJ410203.1,xxx,Nicaragua: Managua,2005,Broad Institute Genome,
1,FJ410204.1,xxx,Nicaragua: Managua,2005,Broad Institute Genome,
1,FJ410205.1,xxx,Nicaragua: Managua,2006,Carvalho.etal.2010,
1,FJ410206.1,xxx,Nicaragua: Managua,2005,Broad Institute Genome,
1,FJ410207.1,xxx,Nicaragua: Managua,2005,Broad Institute Genome,
1,FJ410209.1,xxx,Nicaragua: Managua,2005,Broad Institute Genome,
1,FJ410210.1,xxx,Nicaragua: Managua,2005,Broad Institute Genome,
1,FJ410211.1,I,Nicaragua: Managua,2005,Broad Institute Genome,
1,FJ410212.1,I,Nicaragua: Managua,2005,Carvalho.etal.2008,
1,FJ410213.1,I,Nicaragua: Managua,2005,Carvalho.etal.2008,
1,FJ410214.1,I,Viet Nam: South,2007,Broad Institute Genome,
1,FJ410216.1,II _ IV,Viet Nam: South,2007,Broad Institute Genome,
1,FJ410218.1,II _ IV,Viet Nam: South,2007,Broad Institute Genome,
1,FJ410220.1,II _ IV,Viet Nam: South,2007,Broad Institute Genome,
1,FJ410222.1,xxx,Viet Nam: South,2007,Broad Institute Genome,
1,FJ410225.1,xxx,Viet Nam: South,2007,Broad Institute Genome,
1,FJ410226.1,I,Viet Nam: South,2007,Broad Institute Genome,
1,FJ410227.1,I,Viet Nam: South,2007,Broad Institute Genome,
1,FJ410230.1,xxx,Viet Nam: South,2007,Broad Institute Genome,
1,FJ410231.1,xxx,Viet Nam: South,2007,Broad Institute Genome,
1,FJ410232.1,xxx,Viet Nam: South,2007,Broad Institute Genome,
1,FJ410234.1,xxx,Viet Nam: South,2007,Broad Institute Genome,
1,FJ410235.1,xxx,Viet Nam: South,2007,Broad Institute Genome,
1,FJ410236.1,xxx,Viet Nam: South,2007,Broad Institute Genome,
1,FJ410238.1,xxx,Viet Nam: South,2007,Broad Institute Genome,
1,FJ410239.1,xxx,Viet Nam: South,2007,Broad Institute Genome,
1,FJ410240.1,xxx,Viet Nam: South,2007,Broad Institute Genome,
1,FJ410242.1,xxx,Viet Nam: South,2007,Broad Institute Genome,
1,FJ410243.1,xxx,Viet Nam: South,2006,Broad Institute Genome,
1,FJ410244.1,xxx,Viet Nam: South,2007,Broad Institute Genome,
1,FJ410245.1,xxx,Viet Nam: South,2007,Broad Institute Genome,
1,FJ410246.1,xxx,Viet Nam: South,2006,Broad Institute Genome,
1,FJ410247.1,xxx,Brazil,xxx,Carvalho.etal.2010,
1,FJ410248.1,xxx,USA: Puerto Rico,1995,Broad Institute Genome,
1,FJ410249.1,xxx,USA: Puerto Rico,1998,Broad Institute Genome,
1,FJ410250.1,xxx,USA: Puerto Rico,1998,Broad Institute Genome,
1,FJ410251.1,xxx,USA: Puerto Rico,1998,Carvalho.etal.2010,
1,FJ410252.1,xxx,Viet Nam: South,2007,Broad Institute Genome,
1,FJ410253.1,xxx,Viet Nam: South,2007,Broad Institute Genome,
1,FJ410254.1,xxx,Viet Nam: South,2007,Broad Institute Genome,
1,FJ410255.1,xxx,Viet Nam: South,2007,Broad Institute Genome,
1,FJ410256.1,xxx,Viet Nam: South,2007,Broad Institute Genome,
1,FJ410257.1,V,Puerto Rico,1998,Camacho.etal.2007,
1,FJ410258.1,xxx,USA: Puerto Rico,1995,Broad Institute Genome,
1,FJ410260.1,xxx,USA: Puerto Rico,1994,Broad Institute Genome,
1,FJ410261.1,xxx,USA: Puerto Rico,1994,Broad Institute Genome,
1,FJ410262.1,xxx,USA: Puerto Rico,1995,Broad Institute Genome,
1,FJ410263.1,xxx,USA: Puerto Rico,1995,Broad Institute Genome,
1,FJ410264.1,xxx,USA: Puerto Rico,1996,Broad Institute Genome,
1,FJ410265.1,xxx,USA: Puerto Rico,1993,Broad Institute Genome,
1,FJ410266.1,xxx,USA: Puerto Rico,1993,Carvalho.etal.2010,
1,FJ410267.1,xxx,USA: Puerto Rico,1993,Broad Institute Genome,
1,FJ410268.1,xxx,USA: Puerto Rico,1992,Broad Institute Genome,
1,FJ410269.1,xxx,USA: Puerto Rico,1992,Broad Institute Genome,
1,FJ410270.1,xxx,USA: Puerto Rico,1996,Carvalho.etal.2010,
1,FJ410272.1,xxx,USA: Puerto Rico,1996,Broad Institute Genome,
1,FJ410273.1,xxx,USA: Puerto Rico,1987,Broad Institute Genome,
1,FJ410274.1,xxx,Viet Nam: South,2008,Broad Institute Genome,
1,FJ410275.1,xxx,Viet Nam: South,2008,Broad Institute Genome,
1,FJ410276.1,xxx,Viet Nam: South,2007,Broad Institute Genome,
1,FJ410277.1,xxx,Viet Nam: South,2007,Broad Institute Genome,
1,FJ410278.1,xxx,Viet Nam: South,2007,Broad Institute Genome,
1,FJ410279.1,xxx,Viet Nam: South,2007,Broad Institute Genome,
1,FJ410280.1,xxx,Viet Nam: South,2007,Broad Institute Genome,
1,FJ410281.1,xxx,Viet Nam: South,2007,Broad Institute Genome,
1,FJ410282.1,xxx,Viet Nam: South,2007,Broad Institute Genome,
1,FJ410283.1,xxx,Viet Nam: South,2007,Broad Institute Genome,
1,FJ410284.1,xxx,Viet Nam: South,2007,Broad Institute Genome,
1,FJ410285.1,xxx,Viet Nam: South,2007,Broad Institute Genome,
1,FJ410286.1,xxx,Viet Nam: South,2007,Broad Institute Genome,
1,FJ410287.1,xxx,Viet Nam: South,2007,Broad Institute Genome,
1,FJ410289.1,xxx,Viet Nam: South,2007,Broad Institute Genome,
1,FJ410290.1,xxx,Viet Nam: South,2007,Broad Institute Genome,
1,FJ432719.1,xxx,Viet Nam: South,2007,Broad Institute Genome,
1,FJ432720.1,xxx,Viet Nam: South,2008,Broad Institute Genome,
1,FJ432721.1,xxx,Viet Nam: South,2008,Broad Institute Genome,
1,FJ432723.1,xxx,Viet Nam: South,2007,Broad Institute Genome,
1,FJ432725.1,xxx,Viet Nam: South,2007,Broad Institute Genome,
1,FJ432727.1,xxx,Viet Nam: South,2008,Broad Institute Genome,
1,FJ432729.1,xxx,Viet Nam: South,2007,Broad Institute Genome,
1,FJ432730.1,xxx,Viet Nam: South,2007,Broad Institute Genome,
1,FJ432732.1,xxx,Viet Nam: South,2008,Broad Institute Genome,
1,FJ432733.1,xxx,Viet Nam: South,2007,Broad Institute Genome,
1,FJ432734.1,xxx,Viet Nam: South,2008,Broad Institute Genome,
1,FJ432735.1,xxx,Viet Nam: South,2007,Broad Institute Genome,
1,FJ432736.1,xxx,Viet Nam: South,2007,Broad Institute Genome,
1,FJ432737.1,xxx,Viet Nam: South,2007,Broad Institute Genome,
1,FJ432738.1,xxx,Viet Nam: South,2008,Broad Institute Genome,
1,FJ432739.1,xxx,Viet Nam: South,2008,Broad Institute Genome,
1,FJ432740.1,xxx,Viet Nam: South,2008,Broad Institute Genome,
1,FJ432742.1,xxx,Viet Nam: South,2008,Broad Institute Genome,
1,FJ432744.1,xxx,Viet Nam: South,2008,Broad Institute Genome,
1,FJ432745.1,xxx,Viet Nam: South,2008,Broad Institute Genome,
1,FJ432746.1,xxx,Viet Nam: South,2008,Broad Institute Genome,
1,FJ432747.1,xxx,Viet Nam: South,2008,Broad Institute Genome,
1,FJ432748.1,xxx,Viet Nam: South,2008,Broad Institute Genome,
1,FJ432749.1,xxx,Viet Nam: South,2008,Broad Institute Genome,
1,FJ469907.1,xxx,Viet Nam: South,2008,Broad Institute Genome,
1,FJ469908.1,xxx,Viet Nam: South,2008,Broad Institute Genome,
1,FJ469909.1,xxx,Viet Nam: South,2008,Broad Institute Genome,
1,FJ478457,xxx,Viet Nam: South,2007,Broad Institute Genome,
1,FJ547060,xxx,Viet Nam: South,2008,Broad Institute Genome,
1,FJ547063,xxx,Viet Nam: South,2007,Broad Institute Genome,
1,FJ547087,xxx,Viet Nam: South,2007,Broad Institute Genome,
1,FJ547088.1,xxx,Viet Nam: South,2008,Broad Institute Genome,
1,FJ547089.1,xxx,Viet Nam: South,2008,Broad Institute Genome,
1,FJ562101,xxx,Viet Nam: South,2008,Broad Institute Genome,
1,FJ562104,xxx,Viet Nam: South,2008,Broad Institute Genome,
1,FJ639743,xxx,Viet Nam: South,2008,Broad Institute Genome,
1,FJ639808,xxx,Viet Nam: South,2008,Broad Institute Genome,
1,FJ687426.1,xxx,Viet Nam: South,2008,Broad Institute Genome,
1,FJ687427.1,xxx,Viet Nam: South,2008,Broad Institute Genome,
1,FJ687428.1,xxx,Viet Nam: South,2008,Broad Institute Genome,
1,FJ687429.1,xxx,Viet Nam: South,2008,Broad Institute Genome,
1,FJ687430.1,xxx,Viet Nam: South,2008,Broad Institute Genome,
1,FJ687431.1,xxx,Viet Nam: South,2008,Broad Institute Genome,
1,FJ687432.1,xxx,Viet Nam: South,2008,Broad Institute Genome,
1,FN429885.1,xxx,Viet Nam: South,2008,Broad Institute Genome,
1,FN429886.1,xxx,Viet Nam: South,2008,Broad Institute Genome,
1,FN429887.1,xxx,Viet Nam: South,2008,Broad Institute Genome,
1,FN429888.1,xxx,Viet Nam: South,2008,Broad Institute Genome,
1,FN429889.1,xxx,Viet Nam: South,2008,Broad Institute Genome,
1,FN429890.1,xxx,Viet Nam: South,2008,Broad Institute Genome,
1,GQ199771.1,xxx,Viet Nam: South,2008,Broad Institute Genome,
1,GQ199772.1,xxx,Viet Nam: South,2008,Broad Institute Genome,
1,GQ199773.1,xxx,Viet Nam: South,2008,Broad Institute Genome,
1,GQ199774.1,xxx,Viet Nam: South,2008,Broad Institute Genome,
1,GQ199775.1,xxx,Viet Nam: South,2008,Broad Institute Genome,
1,GQ199776.1,xxx,Viet Nam: South,2008,Broad Institute Genome,
1,GQ199777.1,xxx,Viet Nam: South,2008,Broad Institute Genome,
1,GQ199778.1,xxx,Viet Nam: South,2008,Broad Institute Genome,
1,GQ199779.1,xxx,Viet Nam: South,2008,Broad Institute Genome,
1,GQ199780.1,xxx,Viet Nam: South,2008,Broad Institute Genome,
1,GQ199781.1,xxx,Viet Nam: South,2008,Broad Institute Genome,
1,GQ199782.1,xxx,Viet Nam: South,2008,Broad Institute Genome,
1,GQ199783.1,xxx,Viet Nam: South,2006,Broad Institute Genome,
1,GQ199784.1,xxx,Viet Nam: South,2007,Broad Institute Genome,
1,GQ199785.1,xxx,Nicaragua: Managua,2005,Broad Institute Genome,
1,GQ199786.1,xxx,Viet Nam: South,2007,Broad Institute Genome,
1,GQ199787.1,xxx,Nicaragua: Managua,2005,Broad Institute Genome,
1,GQ199788.1,xxx,Nicaragua: Managua,2005,Broad Institute Genome,
1,GQ199789.1,xxx,Viet Nam: South,2007,Broad Institute Genome,
1,GQ199790.1,xxx,Viet Nam: South,2007,Broad Institute Genome,
1,GQ199791.1,xxx,Viet Nam: South,2007,Broad Institute Genome,
1,GQ199792.1,xxx,Viet Nam: South,2007,Broad Institute Genome,
1,GQ199793.1,xxx,Viet Nam: South,2007,Broad Institute Genome,
1,GQ199794.1,xxx,Viet Nam: South,2007,Broad Institute Genome,
1,GQ199795.1,xxx,Viet Nam: South,2007,Broad Institute Genome,
1,GQ199796.1,xxx,Viet Nam: South,2007,Broad Institute Genome,
1,GQ199797.1,xxx,Viet Nam: South,2007,Broad Institute Genome,
1,GQ199798.1,xxx,Viet Nam: South,2007,Broad Institute Genome,
1,GQ199799.1,xxx,Viet Nam: South,2007,Broad Institute Genome,
1,GQ199800.1,xxx,Viet Nam: South,2007,Broad Institute Genome,
1,GQ199801.1,xxx,Viet Nam: South,2007,Broad Institute Genome,
1,GQ199802.1,xxx,Viet Nam: South,2007,Broad Institute Genome,
1,GQ199803.1,xxx,Viet Nam: South,2007,Broad Institute Genome,
1,GQ199804.1,xxx,Viet Nam: South,2007,Broad Institute Genome,
1,GQ199805.1,xxx,Viet Nam: South,2007,Broad Institute Genome,
1,GQ199806.1,xxx,Viet Nam: South,2007,Broad Institute Genome,
1,GQ199807.1,xxx,Viet Nam: South,2007,Broad Institute Genome,
1,GQ199808.1,xxx,Viet Nam: South,2007,Broad Institute Genome,
1,GQ199809.1,xxx,Viet Nam: South,2007,Broad Institute Genome,
1,GQ199810.1,I,Singapore,2003,Schreiber.etal.2009,
1,GQ199811.1,I,Singapore,2003,Schreiber.etal.2009,
1,GQ199812.1,xxx,Singapore,2003,Environmental Health Institute,
1,GQ199813.1,xxx,USA: Puerto Rico,1996,Broad Institute Genome,
1,GQ199814.1,xxx,Viet Nam: South,2007,Broad Institute Genome,
1,GQ199815.1,xxx,Viet Nam: South,2007,Broad Institute Genome,
1,GQ199816.1,xxx,USA: Puerto Rico,2007,Broad Institute Genome,
1,GQ199817.1,xxx,Nicaragua: Managua,2008,Carvalho.etal.2010,
1,GQ199818.1,xxx,Nicaragua: Managua,2005,Broad Institute Genome,
1,GQ199819.1,xxx,Viet Nam: South,2007,Broad Institute Genome,
1,GQ199820.1,xxx,Nicaragua: Rivas,1995,Broad Institute Genome,
1,GQ199821.1,V,Venezuela: Aragua,2004,Camacho.etal.2007/Carvalho.etal.2010,
1,GQ199822.1,xxx,Venezuela: Aragua,2007,Carvalho.etal.2010,
1,GQ199823.1,xxx,Kampheange Phet,2001,Broad Institute Genome,
1,GQ199824.1,xxx,Kampheange Phet,2001,Broad Institute Genome,
1,GQ199825.1,xxx,Kampheange Phet,2001,Broad Institute Genome,
1,GQ199826.1,xxx,Kampheange Phet,2001,Broad Institute Genome,
1,GQ199827.1,xxx,Kampheange Phet,2001,Broad Institute Genome,
1,GQ199828.1,xxx,Kampheange Phet,2001,Broad Institute Genome,
1,GQ199829.1,xxx,Kampheange Phet,2001,Broad Institute Genome,
1,GQ199830.1,xxx,Kampheange Phet,2001,Broad Institute Genome,
1,GQ199831.1,xxx,Venezuela: Aragua,2004,Broad Institute Genome,
1,GQ199832.1,xxx,Cambodia: KCH,2006,Broad Institute Genome,
1,GQ199833.1,xxx,Brazil: Northern,2000,Broad Institute Genome,
1,GQ199834.1,xxx,Nicaragua: Managua,2005,Broad Institute Genome,
1,GQ199835.1,xxx,Nicaragua: Managua,2005,Broad Institute Genome,
1,GQ199836.1,xxx,Nicaragua: Managua,2005,Broad Institute Genome,
1,GQ199837.1,xxx,Nicaragua: Managua,2007,Broad Institute Genome,
1,GQ199838.1,xxx,Nicaragua: Managua,2004,Broad Institute Genome,
1,GQ199839.1,xxx,Malaysia:Kuala Lumpur,1995,Ong.etal_unpublished,
1,GQ199840.1,xxx,Malaysia:Kuala Lumpur,1996,Ong.etal_unpublished,
1,GQ199841.1,xxx,Malaysia:Kuala Lumpur,1996,Ong.etal_unpublished,
1,GQ199842.1,xxx,Malaysia:Kuala Lumpur,1996,Ong.etal_unpublished,
1,GQ199843.1,xxx,Malaysia:Kuala Lumpur,1996,Ong.etal_unpublished,
1,GQ199844.1,xxx,Malaysia:Kuala Lumpur,1996,Ong.etal_unpublished,
1,GQ199845.1,xxx,Malaysia:Kuala Lumpur,1996,Ong.etal_unpublished,
1,GQ199846.1,xxx,Malaysia:Kuala Lumpur,1996,Ong.etal_unpublished,
1,GQ199847.1,xxx,Malaysia:Kuala Lumpur,1997,Ong.etal_unpublished,
1,GQ199848.1,xxx,Malaysia:Kuala Lumpur,2005,Ong.etal_unpublished,
1,GQ199849.1,xxx,Viet Nam: South,2006,Broad Institute Genome,
1,GQ199850.1,xxx,Viet Nam: South,2006,Broad Institute Genome,
1,GQ199851.1,xxx,Viet Nam: South,2007,Broad Institute Genome,
1,GQ199852.1,xxx,Viet Nam: South,2007,Broad Institute Genome,
1,GQ199853.1,xxx,Viet Nam: South,2007,Broad Institute Genome,
1,GQ199854.1,xxx,Viet Nam: South,2007,Broad Institute Genome,
1,GQ199855.1,xxx,Viet Nam: South,2007,Broad Institute Genome,
1,GQ199856.1,xxx,Viet Nam: South,2007,Broad Institute Genome,
1,GQ199857.1,xxx,Viet Nam: South,2007,Broad Institute Genome,
1,GQ199858.1,xxx,Viet Nam: South,2007,Broad Institute Genome,
1,GQ199859.1,xxx,Viet Nam: South,2007,Broad Institute Genome,
1,GQ199867.1,xxx,Viet Nam: South,2007,Broad Institute Genome,
1,GQ199872.1,xxx,Viet Nam: South,2007,Broad Institute Genome,
1,GQ199873.1,xxx,Viet Nam: South,2007,Broad Institute Genome,
1,GQ199875.1,xxx,Viet Nam: South,2007,Broad Institute Genome,
1,GQ199877.1,xxx,Viet Nam: South,2007,Broad Institute Genome,
1,GQ868498.1,xxx,Viet Nam: South,2007,Broad Institute Genome,
1,GQ868499.1,xxx,Viet Nam: South,2007,Broad Institute Genome,
1,GQ868500.1,xxx,Viet Nam: South,2007,Broad Institute Genome,
1,GQ868501.1,xxx,Viet Nam: South,2007,Broad Institute Genome,
1,GQ868502.1,xxx,Viet Nam: South,2007,Broad Institute Genome,
1,GQ868503.1,xxx,Viet Nam: South,2007,Broad Institute Genome,
1,GQ868504.1,xxx,Viet Nam: South,2007,Broad Institute Genome,
1,GQ868505.1,xxx,Viet Nam: South,2007,Broad Institute Genome,
1,GQ868506.1,xxx,Viet Nam: South,2007,Broad Institute Genome,
1,GQ868507.1,xxx,Viet Nam: South,2007,Broad Institute Genome,
1,GQ868508.1,xxx,Viet Nam: South,2007,Broad Institute Genome,
1,GQ868509.1,xxx,Viet Nam: South,2007,Broad Institute Genome,
1,GQ868510.1,xxx,Viet Nam: South,2007,Broad Institute Genome,
1,GQ868511.1,xxx,Viet Nam: South,2007,Broad Institute Genome,
1,GQ868512.1,xxx,Viet Nam: South,2007,Broad Institute Genome,
1,GQ868513.1,xxx,Viet Nam: South,2007,Broad Institute Genome,
1,GQ868514.1,xxx,Viet Nam: South,2007,Broad Institute Genome,
1,GQ868517.1,xxx,Viet Nam: South,2007,Broad Institute Genome,
1,GQ868518.1,xxx,Viet Nam: South,2007,Broad Institute Genome,
1,GQ868519.1,xxx,Viet Nam: South,2007,Broad Institute Genome,
1,GQ868520.1,xxx,Viet Nam: South,2007,Broad Institute Genome,
1,GQ868521.1,xxx,Viet Nam: South,2007,Broad Institute Genome,
1,GQ868522.1,xxx,Viet Nam: South,2007,Broad Institute Genome,
1,GQ868523.1,xxx,Viet Nam: South,2007,Broad Institute Genome,
1,GQ868524.1,xxx,Viet Nam: South,2007,Broad Institute Genome,
1,GQ868525.1,xxx,Viet Nam: South,2007,Broad Institute Genome,
1,GQ868526.1,xxx,Viet Nam: South,2007,Broad Institute Genome,
1,GQ868527.1,xxx,Viet Nam: South,2007,Broad Institute Genome,
1,GQ868528.1,xxx,Viet Nam: South,2007,Broad Institute Genome,
1,GQ868529.1,xxx,Viet Nam: South,2007,Broad Institute Genome,
1,GQ868530.1,xxx,Viet Nam: South,2007,Broad Institute Genome,
1,GQ868531.1,xxx,Viet Nam: South,2007,Broad Institute Genome,
1,GQ868532.1,xxx,Viet Nam: South,2007,Broad Institute Genome,
1,GQ868533.1,xxx,Viet Nam: South,2007,Broad Institute Genome,
1,GQ868534.1,xxx,Viet Nam: South,2007,Broad Institute Genome,
1,GQ868535.1,xxx,Viet Nam: South,2007,Broad Institute Genome,
1,GQ868536.1,xxx,Viet Nam: South,2007,Broad Institute Genome,
1,GQ868537.1,xxx,Viet Nam: South,2007,Broad Institute Genome,
1,GQ868538.1,xxx,Viet Nam: South,2007,Broad Institute Genome,
1,GQ868539.1,xxx,Viet Nam: South,2007,Broad Institute Genome,
1,GQ868559.1,xxx,Viet Nam: South,2007,Broad Institute Genome,
1,GQ868560.1,xxx,Viet Nam: South,2007,Broad Institute Genome,
1,GQ868561.1,xxx,Viet Nam: South,2007,Broad Institute Genome,
1,GQ868562.1,xxx,Viet Nam: South,2003,Broad Institute Genome,
1,GQ868563.1,xxx,Viet Nam: South,2003,Broad Institute Genome,
1,GQ868564.1,xxx,Viet Nam: South,2003,Broad Institute Genome,
1,GQ868565.1,xxx,Viet Nam: South,2004,Broad Institute Genome,
1,GQ868566.1,xxx,Viet Nam: South,2005,Broad Institute Genome,
1,GQ868567.1,xxx,Viet Nam: South,2005,Broad Institute Genome,
1,GQ868568.1,xxx,Viet Nam: South,2005,Broad Institute Genome,
1,GQ868569.1,xxx,Viet Nam: South,2005,Broad Institute Genome,
1,GQ868570.1,xxx,Viet Nam: South,2005,Broad Institute Genome,
1,GQ868601.1,xxx,Viet Nam: South,2006,Broad Institute Genome,
1,GQ868605.1,xxx,Viet Nam: South,2006,Broad Institute Genome,
1,GQ868606.1,xxx,Viet Nam: South,2006,Broad Institute Genome,
1,GQ868607.1,xxx,Viet Nam: South,2006,Broad Institute Genome,
1,GQ868608.1,xxx,Viet Nam: South,2006,Broad Institute Genome,
1,GQ868609.1,xxx,Viet Nam: South,2006,Broad Institute Genome,
1,GQ868610.1,xxx,Viet Nam: South,2006,Broad Institute Genome,
1,GQ868611.1,xxx,Viet Nam: South,2006,Broad Institute Genome,
1,GQ868612.1,xxx,Viet Nam: South,2006,Broad Institute Genome,
1,GQ868613.1,xxx,Viet Nam: South,2006,Broad Institute Genome,
1,GQ868614.1,xxx,Viet Nam: South,2006,Broad Institute Genome,
1,GQ868615.1,xxx,Viet Nam: South,2006,Broad Institute Genome,
1,GQ868618.1,xxx,Viet Nam: South,2006,Broad Institute Genome,
1,GQ868619.1,xxx,Viet Nam: South,2006,Broad Institute Genome,
1,GQ868630.1,xxx,Viet Nam: South,2006,Broad Institute Genome,
1,GQ868632.1,xxx,Viet Nam: South,2006,Broad Institute Genome,
1,GQ868633.1,xxx,Viet Nam: South,2006,Broad Institute Genome,
1,GQ868635.1,xxx,Viet Nam: South,2006,Broad Institute Genome,
1,GQ868636.1,xxx,Nicaragua: Managua,2008,Broad Institute Genome,
1,GQ868637.1,xxx,Nicaragua: Managua,2008,Broad Institute Genome,
1,GQ868639.1,xxx,Nicaragua: Managua,2008,Broad Institute Genome,
1,GU056029.1,xxx,Nicaragua: Managua,2004,Broad Institute Genome,
1,GU056030.1,xxx,Nicaragua: Managua,2004,Broad Institute Genome,
1,GU056031.1,xxx,Nicaragua: Managua,2004,Broad Institute Genome,
1,GU056032.1,xxx,Nicaragua: Managua,2004,Broad Institute Genome,
1,GU056033.1,xxx,Venezuela: Merida,2007,Broad Institute Genome,
1,GU131678.1,xxx,Mexico: Yucatan,2006,Broad Institute Genome,
1,GU131679.1,xxx,Mexico: Quintana Roo,2006,Broad Institute Genome,
1,GU131680.1,xxx,Mexico: Yucatan,2007,Broad Institute Genome,
1,GU131681.1,xxx,Mexico: Yucatan,2007,Broad Institute Genome,
1,GU131682.1,xxx,Mexico: Yucatan,2007,Broad Institute Genome,
1,GU131683.1,xxx,Mexico: Yucatan,2007,Broad Institute Genome,
1,GU131684.1,xxx,Mexico: Yucatan,2007,Broad Institute Genome,
1,GU131685.1,xxx,Mexico: Yucatan,2007,Broad Institute Genome,
1,GU131686.1,xxx,Mexico: Yucatan,2007,Broad Institute Genome,
1,GU131687.1,xxx,Mexico: Yucatan,2007,Broad Institute Genome,
1,GU131688.1,xxx,Mexico: Yucatan,2007,Broad Institute Genome,
1,GU131689.1,xxx,Mexico: Yucatan,2007,Broad Institute Genome,
1,GU131690.1,xxx,Mexico: Yucatan,2007,Broad Institute Genome,
1,GU131691.1,xxx,Mexico: Yucatan,2007,Broad Institute Genome,
1,GU131692.1,xxx,Mexico: Yucatan,2007,Broad Institute Genome,
1,GU131693.1,xxx,Mexico: Yucatan,2007,Broad Institute Genome,
1,GU131694.1,xxx,Mexico: Yucatan,2007,Broad Institute Genome,
1,GU131695.1,xxx,Mexico: Yucatan,2007,Broad Institute Genome,
1,GU131696.1,xxx,Mexico: Yucatan,2007,Broad Institute Genome,
1,GU131697.1,xxx,Mexico: Yucatan,2007,Broad Institute Genome,
1,GU131698.1,xxx,Mexico: Yucatan,2007,Broad Institute Genome,
1,GU131699.1,xxx,Mexico: Yucatan,2007,Broad Institute Genome,
1,GU131700.1,xxx,Mexico: Yucatan,2007,Broad Institute Genome,
1,GU131701.1,xxx,Mexico: Yucatan,2007,Broad Institute Genome,
1,GU131702.1,xxx,Mexico: Yucatan,2007,Broad Institute Genome,
1,GU131703.1,xxx,Mexico: Yucatan,2007,Broad Institute Genome,
1,GU131704.1,xxx,Mexico: Yucatan,2007,Broad Institute Genome,
1,GU131705.1,xxx,Mexico: Yucatan,2007,Broad Institute Genome,
1,GU131706.1,xxx,Mexico: Yucatan,2007,Broad Institute Genome,
1,GU131707.1,xxx,Mexico: Yucatan,2008,Broad Institute Genome,
1,GU131708.1,xxx,Mexico: Yucatan,2008,Broad Institute Genome,
1,GU131709.1,xxx,Mexico: Yucatan,2008,Broad Institute Genome,
1,GU131710.1,xxx,Mexico: Yucatan,2008,Broad Institute Genome,
1,GU131711.1,xxx,Mexico: Yucatan,2008,Broad Institute Genome,
1,GU131712.1,xxx,Mexico: Yucatan,2008,Broad Institute Genome,
1,GU131713.1,xxx,Mexico: Yucatan,2008,Broad Institute Genome,
1,GU131714.1,xxx,Mexico: Yucatan,2008,Broad Institute Genome,
1,GU131715.1,xxx,Mexico: Yucatan,2008,Broad Institute Genome,
1,GU131716.1,xxx,Mexico: Yucatan,2008,Broad Institute Genome,
1,GU131717.1,xxx,Mexico: Yucatan,2008,Broad Institute Genome,
1,GU131718.1,xxx,Colombia: Santander,1998,Broad Institute Genome,
1,GU131719.1,xxx,Colombia: Santander,1998,Broad Institute Genome,
1,GU131720.1,xxx,Colombia: Santander,1999,Broad Institute Genome,
1,GU131721.1,xxx,Colombia: Santander,2005,Broad Institute Genome,
1,GU131722.1,xxx,Colombia: Norte de Santander,2006,Broad Institute Genome,
1,GU131723.1,xxx,Colombia: Norte de Santander,2006,Broad Institute Genome,
1,GU131724.1,xxx,Colombia: Norte de Santander,2006,Broad Institute Genome,
1,GU131725.1,xxx,Colombia: Santander,2007,Broad Institute Genome,
1,GU131726.1,xxx,Colombia: Santander,2007,Broad Institute Genome,
1,GU131727.1,xxx,Colombia: Santander,2007,Broad Institute Genome,
1,GU131728.1,xxx,Colombia: Santander,2007,Broad Institute Genome,
1,GU131729.1,xxx,Colombia: Santander,2008,Broad Institute Genome,
1,GU131730.1,xxx,British Virgin Islands: Tortola,1985,Broad Institute Genome,
1,GU131731.1,xxx,Viet Nam: South,2006,Broad Institute Genome,
1,GU131732.1,xxx,Viet Nam: South,2006,Broad Institute Genome,
1,GU131733.1,xxx,Viet Nam: South,2007,Broad Institute Genome,
1,GU131734.1,xxx,Viet Nam: South,2007,Broad Institute Genome,
1,GU131735.1,xxx,Viet Nam: South,2007,Broad Institute Genome,
1,GU131736.1,xxx,Viet Nam: South,2007,Broad Institute Genome,
1,GU131737.1,xxx,Viet Nam: South,2007,Broad Institute Genome,
1,GU131738.1,xxx,Viet Nam: South,2006,Broad Institute Genome,
1,GU131739.1,xxx,Viet Nam: South,2006,Broad Institute Genome,
1,GU131740.1,xxx,Viet Nam: South,2008,Broad Institute Genome,
1,GU131741.1,xxx,Viet Nam: South,2008,Broad Institute Genome,
1,GU131742.1,xxx,Cambodia: KSP,2003,Broad Institute Genome,
1,GU131743.1,xxx,Cambodia: SRP,2003,Broad Institute Genome,
1,GU131744.1,xxx,Cambodia: KCH,2006,Broad Institute Genome,
1,GU131745.1,xxx,Cambodia: BMC,2008,Broad Institute Genome,
1,GU131746.1,xxx,Cambodia: PHP,2008,Broad Institute Genome,
1,GU131747.1,xxx,Cambodia: KAN,2008,Broad Institute Genome,
1,GU131748.1,xxx,Cambodia: KOP,2008,Broad Institute Genome,
1,GU131749.1,xxx,Cambodia: TAK,2000,Broad Institute Genome,
1,GU131750.1,xxx,Cambodia: KCH,2006,Broad Institute Genome,
1,GU131751.1,xxx,Venezuela: Aragua,1997,Broad Institute Genome,
1,GU131752.1,xxx,Venezuela: Aragua,1997,Broad Institute Genome,
1,GU131753.1,xxx,Venezuela: Aragua,1998,Broad Institute Genome,
1,GU131754.1,xxx,Venezuela: Aragua,1998,Broad Institute Genome,
1,GU131755.1,xxx,Venezuela: Aragua,1998,Broad Institute Genome,
1,GU131756.1,xxx,Viet Nam: South,2008,Broad Institute Genome,
1,GU131757.1,xxx,Viet Nam: South,2008,Broad Institute Genome,
1,GU131758.1,xxx,Viet Nam: South,2008,Broad Institute Genome,
1,GU131759.1,xxx,Viet Nam: South,2008,Broad Institute Genome,
1,GU131760.1,xxx,Viet Nam: South,2008,Broad Institute Genome,
1,GU131761.1,xxx,Viet Nam: South,2008,Broad Institute Genome,
1,GU131762.1,xxx,Viet Nam: South,2008,Broad Institute Genome,
1,GU131763.1,xxx,Viet Nam: South,2008,Broad Institute Genome,
1,GU131764.1,xxx,Viet Nam: South,2008,Broad Institute Genome,
1,GU131765.1,xxx,Viet Nam: South,2008,Broad Institute Genome,
1,GU131766.1,xxx,Viet Nam: South,2008,Broad Institute Genome,
1,GU131767.1,xxx,Viet Nam: South,2008,Broad Institute Genome,
1,GU131768.1,xxx,Viet Nam: South,2008,Broad Institute Genome,
1,GU131769.1,xxx,Viet Nam: South,2008,Broad Institute Genome,
1,GU131770.1,xxx,Viet Nam: South,2008,Broad Institute Genome,
1,GU131771.1,xxx,Viet Nam: South,2008,Broad Institute Genome,
1,GU131772.1,xxx,Viet Nam: South,2008,Broad Institute Genome,
1,GU131773.1,xxx,Viet Nam: South,2008,Broad Institute Genome,
1,GU131774.1,xxx,Viet Nam: South,2008,Broad Institute Genome,
1,GU131775.1,xxx,Viet Nam: South,2008,Broad Institute Genome,
1,GU131776.1,xxx,Viet Nam: South,2008,Broad Institute Genome,
1,GU131777.1,xxx,Viet Nam: South,2008,Broad Institute Genome,
1,GU131778.1,xxx,Viet Nam: South,2008,Broad Institute Genome,
1,GU131779.1,xxx,Viet Nam: South,2008,Broad Institute Genome,
1,GU131780.1,xxx,Viet Nam: South,2008,Broad Institute Genome,
1,GU131781.1,xxx,Viet Nam: South,2008,Broad Institute Genome,
1,GU131782.1,xxx,Viet Nam: South,2008,Broad Institute Genome,
1,GU131783.1,xxx,Viet Nam: South,2008,Broad Institute Genome,
1,GU131784.1,xxx,Viet Nam: South,2008,Broad Institute Genome,
1,GU131785.1,xxx,Viet Nam: South,2008,Broad Institute Genome,
1,GU131786.1,xxx,Viet Nam: South,2008,Broad Institute Genome,
1,GU131787.1,xxx,Viet Nam: South,2008,Broad Institute Genome,
1,GU131788.1,xxx,Viet Nam: South,2008,Broad Institute Genome,
1,GU131789.1,xxx,Viet Nam: South,2008,Broad Institute Genome,
1,GU131790.1,xxx,Viet Nam: South,2008,Broad Institute Genome,
1,GU131791.1,xxx,Viet Nam: South,2008,Broad Institute Genome,
1,GU131792.1,xxx,Viet Nam: South,2008,Broad Institute Genome,
1,GU131793.1,xxx,Viet Nam: South,2008,Broad Institute Genome,
1,GU131794.1,xxx,Viet Nam: South,2008,Broad Institute Genome,
1,GU131795.1,xxx,Viet Nam: South,2008,Broad Institute Genome,
1,GU131796.1,xxx,Viet Nam: South,2008,Broad Institute Genome,
1,GU131797.1,xxx,Viet Nam: South,2008,Broad Institute Genome,
1,GU131798.1,xxx,Viet Nam: South,2008,Broad Institute Genome,
1,GU131799.1,xxx,Viet Nam: South,2008,Broad Institute Genome,
1,GU131800.1,xxx,Viet Nam: South,2008,Broad Institute Genome,
1,GU131801.1,xxx,Viet Nam: South,2008,Broad Institute Genome,
1,GU131802.1,xxx,Viet Nam: South,2008,Broad Institute Genome,
1,GU131803.1,xxx,Viet Nam: South,2008,Broad Institute Genome,
1,GU131804.1,xxx,Viet Nam: South,2008,Broad Institute Genome,
1,GU131805.1,xxx,Viet Nam: South,2008,Broad Institute Genome,
1,GU131806.1,xxx,Viet Nam: South,2008,Broad Institute Genome,
1,GU131807.1,xxx,Viet Nam: South,2008,Broad Institute Genome,
1,GU131808.1,xxx,Viet Nam: South,2008,Broad Institute Genome,
1,GU131809.1,xxx,Viet Nam: South,2008,Broad Institute Genome,
1,GU131810.1,xxx,Viet Nam: South,2008,Broad Institute Genome,
1,GU131811.1,xxx,Viet Nam: South,2008,Broad Institute Genome,
1,GU131812.1,xxx,Viet Nam: South,2008,Broad Institute Genome,
1,GU131813.1,xxx,Viet Nam: South,2008,Broad Institute Genome,
1,GU131814.1,xxx,Viet Nam: South,2008,Broad Institute Genome,
1,GU131815.1,xxx,Viet Nam: South,2008,Broad Institute Genome,
1,GU131816.1,xxx,Viet Nam: South,2008,Broad Institute Genome,
1,GU131817.1,xxx,Viet Nam: South,2008,Broad Institute Genome,
1,GU131818.1,xxx,Viet Nam: South,2008,Broad Institute Genome,
1,GU131819.1,xxx,Viet Nam: South,2008,Broad Institute Genome,
1,GU131820.1,xxx,Viet Nam: South,2008,Broad Institute Genome,
1,GU131821.1,xxx,Viet Nam: South,2008,Broad Institute Genome,
1,GU131822.1,xxx,Viet Nam: South,2008,Broad Institute Genome,
1,GU131823.1,xxx,Viet Nam: South,2008,Broad Institute Genome,
1,GU131824.1,xxx,Viet Nam: South,2008,Broad Institute Genome,
1,GU131825.1,xxx,Viet Nam: South,2008,Broad Institute Genome,
1,GU131826.1,xxx,Viet Nam: South,2008,Broad Institute Genome,
1,GU131827.1,xxx,Viet Nam: South,2008,Broad Institute Genome,
1,GU131828.1,xxx,Viet Nam: South,2008,Broad Institute Genome,
1,GU131829.1,xxx,Viet Nam: South,2008,Broad Institute Genome,
1,GU131830.1,xxx,Viet Nam: South,2008,Broad Institute Genome,
1,GU131831.1,xxx,Viet Nam: South,2008,Broad Institute Genome,
1,GU131832.1,xxx,Viet Nam: South,2008,Broad Institute Genome,
1,GU131833.1,xxx,Viet Nam: South,2008,Broad Institute Genome,
1,GU131834.1,xxx,Viet Nam: South,2008,Broad Institute Genome,
1,GU131835.1,xxx,Viet Nam: South,2008,Broad Institute Genome,
1,GU131836.1,xxx,Viet Nam: South,2008,Broad Institute Genome,
1,GU131837.1,xxx,Viet Nam: South,2008,Broad Institute Genome,
1,GU131838.1,xxx,Viet Nam: South,2008,Broad Institute Genome,
1,GU131839.1,xxx,Viet Nam: South,2008,Broad Institute Genome,
1,GU131840.1,xxx,Viet Nam: South,2008,Broad Institute Genome,
1,GU131841.1,xxx,Viet Nam: South,2008,Broad Institute Genome,
1,GU131842.1,xxx,Viet Nam: South,2008,Broad Institute Genome,
1,GU131863.1,xxx,Viet Nam: South,2008,Broad Institute Genome,
1,GU131887.1,xxx,Viet Nam: South,2008,Broad Institute Genome,
1,GU131888.1,xxx,Viet Nam: South,2008,Broad Institute Genome,
1,GU131889.1,xxx,Viet Nam: South,2008,Broad Institute Genome,
1,GU131890.1,xxx,Viet Nam: South,2008,Broad Institute Genome,
1,GU131891.1,xxx,Viet Nam: South,2008,Broad Institute Genome,
1,GU131892.1,xxx,Viet Nam: South,2008,Broad Institute Genome,
1,GU131893.1,xxx,Viet Nam: South,2008,Broad Institute Genome,
1,GU131894.1,xxx,Viet Nam: South,2008,Broad Institute Genome,
1,GU131895.1,xxx,Viet Nam: South,2008,Broad Institute Genome,
1,GU131919.1,xxx,Viet Nam: South,2008,Broad Institute Genome,
1,GU131920.1,xxx,Viet Nam: South,2008,Broad Institute Genome,
1,GU131921.1,xxx,Viet Nam: South,2008,Broad Institute Genome,
1,GU131922.1,xxx,Viet Nam: South,2008,Broad Institute Genome,
1,GU131925.1,xxx,Viet Nam: South,2008,Broad Institute Genome,
1,GU131926.1,xxx,Viet Nam: South,2008,Broad Institute Genome,
1,GU131948.1,xxx,Viet Nam: South,2008,Broad Institute Genome,
1,GU131949.1,xxx,Viet Nam: South,2008,Broad Institute Genome,
1,GU131956.1,xxx,Viet Nam: South,2008,Broad Institute Genome,
1,GU131957.1,xxx,Viet Nam: South,2008,Broad Institute Genome,
1,GU131958.1,xxx,Viet Nam: South,2008,Broad Institute Genome,
1,GU131960.1,xxx,Viet Nam: South,2008,Broad Institute Genome,
1,GU131961.1,xxx,Viet Nam: South,2008,Broad Institute Genome,
1,GU131962.1,xxx,Viet Nam: South,2008,Broad Institute Genome,
1,GU131963.1,xxx,Viet Nam: South,2008,Broad Institute Genome,
1,GU131964.1,xxx,Viet Nam: South,2008,Broad Institute Genome,
1,GU131965.1,xxx,Viet Nam: South,2008,Broad Institute Genome,
1,GU131966.1,xxx,Viet Nam: South,2008,Broad Institute Genome,
1,GU131967.1,xxx,Viet Nam: South,2008,Broad Institute Genome,
1,GU131968.1,xxx,Viet Nam: South,2008,Broad Institute Genome,
1,GU131969.1,xxx,Viet Nam: South,2008,Broad Institute Genome,
1,GU131970.1,xxx,Viet Nam: South,2008,Broad Institute Genome,
1,GU131971.1,xxx,Viet Nam: South,2008,Broad Institute Genome,
1,GU131972.1,xxx,Viet Nam: South,2008,Broad Institute Genome,
1,GU131973.1,xxx,Viet Nam: South,2008,Broad Institute Genome,
1,GU131976.1,xxx,Viet Nam: South,2008,Broad Institute Genome,
1,GU131977.1,xxx,Viet Nam: South,2008,Broad Institute Genome,
1,GU131978.1,xxx,Viet Nam: South,2008,Broad Institute Genome,
1,GU131979.1,xxx,Viet Nam: South,2008,Broad Institute Genome,
1,GU131980.1,xxx,Viet Nam: South,2008,Broad Institute Genome,
1,GU131981.1,xxx,Viet Nam: South,2008,Broad Institute Genome,
1,GU131982.1,xxx,Viet Nam: South,2008,Broad Institute Genome,
1,GU131983.1,xxx,Viet Nam: South,2008,Broad Institute Genome,
1,GU131984.1,xxx,Viet Nam: South,2008,Broad Institute Genome,
1,M87512.1,xxx,Viet Nam: South,2008,Broad Institute Genome,
1,AB074760,xxx,Viet Nam: South,2008,Broad Institute Genome,
1,AB074761,xxx,Viet Nam: South,2008,Broad Institute Genome,
1,AB178040,xxx,Viet Nam: South,2008,Broad Institute Genome,
1,AB189120,xxx,Viet Nam: South,2008,Broad Institute Genome,
1,AB189121,xxx,Viet Nam: South,2008,Broad Institute Genome,
1,AB195673,xxx,Viet Nam: South,2008,Broad Institute Genome,
1,EF122231,xxx,Viet Nam: South,2008,Broad Institute Genome,
1,EF122232,xxx,Viet Nam: South,2008,Broad Institute Genome,
1,EU249490,xxx,Viet Nam: South,2008,Broad Institute Genome,
1,EU249491,xxx,Viet Nam: South,2008,Broad Institute Genome,
1,EU249492,xxx,Viet Nam: South,2008,Broad Institute Genome,
1,EU249493,xxx,Viet Nam: South,2008,Broad Institute Genome,
1,EU249494,xxx,Viet Nam: South,2008,Broad Institute Genome,
1,EU249495,xxx,Viet Nam: South,2008,Broad Institute Genome,
1,EU359008,xxx,Viet Nam: South,2008,Broad Institute Genome,
1,EU482476,xxx,Viet Nam: South,2008,Broad Institute Genome,
1,EU482477,xxx,Viet Nam: South,2008,Broad Institute Genome,
1,EU482478,xxx,Viet Nam: South,2008,Broad Institute Genome,
1,EU482479,xxx,Viet Nam: South,2008,Broad Institute Genome,
1,EU482480,xxx,Viet Nam: South,2008,Broad Institute Genome,
1,EU482481,xxx,Viet Nam: South,2008,Broad Institute Genome,
1,EU482482,xxx,Viet Nam: South,2008,Broad Institute Genome,
1,EU482483,xxx,Venezuela: Aragua,2000,Broad Institute Genome,
1,EU482484,xxx,Venezuela: Aragua,2000,Broad Institute Genome,
1,EU482485,xxx,Venezuela: Aragua,2001,Broad Institute Genome,
1,EU482486,xxx,Venezuela: Aragua,2004,Broad Institute Genome,
1,EU482487,xxx,Venezuela: Aragua,2004,Broad Institute Genome,
1,EU482488,xxx,Venezuela: Aragua,2005,Broad Institute Genome,
1,EU482489,xxx,Venezuela: Aragua,2006,Broad Institute Genome,
1,EU482490,xxx,Venezuela: Aragua,2006,Broad Institute Genome,
1,EU482491,xxx,Venezuela: Aragua,2007,Broad Institute Genome,
1,EU482492,xxx,Venezuela: Aragua,2007,Broad Institute Genome,
1,EU482493,xxx,Venezuela: Aragua,2007,Broad Institute Genome,
1,EU482494,xxx,Sao Paulo,2008,Broad Institute Genome,
1,EU482495,xxx,Cambodia: KCH,2006,Broad Institute Genome,
1,EU482496,xxx,Cambodia: KCH,2006,Broad Institute Genome,
1,EU482497,xxx,Cambodia: KCH,2006,Broad Institute Genome,
1,EU482498,xxx,Cambodia: KCH,2006,Broad Institute Genome,
1,EU482499,xxx,Cambodia: KCH,2006,Broad Institute Genome,
1,EU482500,xxx,Cambodia: KCH,2006,Broad Institute Genome,
1,EU482501,xxx,Cambodia: KCH,2007,Broad Institute Genome,
1,EU482502,xxx,Cambodia: PHP,2008,Broad Institute Genome,
1,EU482503,xxx,Cambodia: TAK,2009,Broad Institute Genome,
1,EU482504,xxx,Cambodia: KCH,2008,Broad Institute Genome,
1,EU482505,xxx,Cambodia: BTB,2008,Broad Institute Genome,
1,EU482506,xxx,Cambodia: KAN,2008,Broad Institute Genome,
1,EU482507,xxx,Cambodia: PHP,2008,Broad Institute Genome,
1,EU482508,xxx,Cambodia: KCH,2006,Broad Institute Genome,
1,EU482509,xxx,Cambodia: KCH,2006,Broad Institute Genome,
1,EU482510,xxx,Colombia: Santander,2001,Broad Institute Genome,
1,EU482511,xxx,Colombia: Norte de Santander,2006,Broad Institute Genome,
1,EU482512,xxx,Mexico: Yucatan,2006,Broad Institute Genome,
1,EU482513,xxx,Mexico: Yucatan,2006,Broad Institute Genome,
1,EU482514,xxx,Mexico: Yucatan,2006,Broad Institute Genome,
1,EU482515,xxx,Mexico: Yucatan,2007,Broad Institute Genome,
1,EU482516,xxx,Mexico: Yucatan,2007,Broad Institute Genome,
1,EU482517,xxx,Mexico: Yucatan,2007,Broad Institute Genome,
1,EU482518,xxx,Mexico: Yucatan,2007,Broad Institute Genome,
1,EU482519,xxx,Mexico: Yucatan,2007,Broad Institute Genome,
1,EU482520,xxx,Mexico: Yucatan,2007,Broad Institute Genome,
1,EU482521,xxx,Mexico: Yucatan,2007,Broad Institute Genome,
1,EU482522,xxx,Mexico: Yucatan,2007,Broad Institute Genome,
1,EU482523,xxx,Mexico: Yucatan,2007,Broad Institute Genome,
1,EU482524,xxx,Mexico: Yucatan,2007,Broad Institute Genome,
1,EU482525,xxx,Mexico: Yucatan,2007,Broad Institute Genome,
1,EU482526,xxx,Mexico: Yucatan,2007,Broad Institute Genome,
1,EU482527,xxx,Mexico: Yucatan,2007,Broad Institute Genome,
1,EU482528,xxx,Mexico: Yucatan,2007,Broad Institute Genome,
1,EU482529,xxx,Mexico: Yucatan,2007,Broad Institute Genome,
1,EU482530,xxx,Mexico: Yucatan,2007,Broad Institute Genome,
1,EU482531,xxx,Mexico: Yucatan,2007,Broad Institute Genome,
1,EU482532,xxx,Mexico: Yucatan,2007,Broad Institute Genome,
1,EU482533,xxx,Mexico: Yucatan,2007,Broad Institute Genome,
1,EU482534,xxx,Mexico: Yucatan,2007,Broad Institute Genome,
1,EU482535,xxx,Mexico: Yucatan,2008,Broad Institute Genome,
1,EU482536,xxx,Mexico: Yucatan,2008,Broad Institute Genome,
1,EU482537,xxx,Mexico: Yucatan,2008,Broad Institute Genome,
1,EU482538,I _ III,Singapore,1990,Schreiber.etal.2009/Thu.2005/Aviles.etal.2003_ Zhang.etal.2005,
1,EU482539,I,Mochizuki,1943,"Imrie.etal.2010, Ishak.etal.2001"
1,EU482540,IV,Japan,1988,Ishak.etal.2001,
1,EU482567,xxx,japan,xxx,Nukui.etal.2006,
1,EU482591,xxx,Indonesia: Sumatra,xxx,Dewi.etal.,
1,EU482592,IV,Indonesia: Sumatra,xxx,Dewi.etal.,
1,EU482610,xxx,Japan,xxx,Nukui.etal.2006,
1,EU482611,xxx,French Guiana,xxx,Duarte dos Santos.etal.2006_Carvalho.etal.2010,
1,EU482615,xxx,French Guiana,xxx,Duarte dos Santos.etal.2006_Carvalho.etal.2010,
1,EU482616,xxx,Viet Nam: South,2006,Broad Institute Genome,
1,EU482617,xxx,Viet Nam: South,2006,Broad Institute Genome,
1,EU482618,xxx,Viet Nam: South,2006,Broad Institute Genome,
1,EU482619,xxx,Viet Nam: South,2006,Broad Institute Genome,
1,EU482706,xxx,Viet Nam: South,2006,Broad Institute Genome,
1,EU482707,xxx,Viet Nam: South,2006,Broad Institute Genome,
1,EU482708,xxx,China,xxx,Wei.etal.2007,
1,EU482709,xxx,Viet Nam: South,2003,Broad Institute Genome,
1,EU482710,xxx,Viet Nam: South,2007,Broad Institute Genome,
1,EU482711,xxx,Viet Nam: South,2007,Broad Institute Genome,
1,EU482712,xxx,Viet Nam: South,2007,Broad Institute Genome,
1,EU482713,xxx,Viet Nam: South,2007,Broad Institute Genome,
1,EU482714,xxx,Viet Nam: South,2007,Broad Institute Genome,
1,EU482715,xxx,Viet Nam: South,2007,Broad Institute Genome,
1,EU482716,xxx,Viet Nam: South,2007,Broad Institute Genome,
1,EU482717,xxx,Viet Nam: South,2007,Broad Institute Genome,
1,EU482718,xxx,Viet Nam: South,2007,Broad Institute Genome,
1,EU482789,xxx,Viet Nam: South,2007,Broad Institute Genome,
1,EU482790,xxx,Viet Nam: South,2007,Broad Institute Genome,
1,EU482791,xxx,Viet Nam: South,2007,Broad Institute Genome,
1,EU482792,xxx,Viet Nam: South,2007,Broad Institute Genome,
1,EU482793,xxx,Viet Nam: South,2007,Broad Institute Genome,
1,EU482794,xxx,Viet Nam: South,2007,Broad Institute Genome,
1,EU482795,xxx,Viet Nam: South,2007,Broad Institute Genome,
1,EU482796,xxx,Viet Nam: South,2007,Broad Institute Genome,
1,EU482797,xxx,Viet Nam: South,2007,Broad Institute Genome,
1,EU482798,xxx,Viet Nam: South,2007,Broad Institute Genome,
1,EU482799,xxx,Viet Nam: South,2007,Broad Institute Genome,
1,EU482800,xxx,Viet Nam: South,2007,Broad Institute Genome,
1,EU482801,xxx,Viet Nam: South,2007,Broad Institute Genome,
1,EU482802,xxx,Viet Nam: South,2007,Broad Institute Genome,
1,EU482803,xxx,Viet Nam: South,2007,Broad Institute Genome,
1,EU482804,xxx,Viet Nam: South,2007,Broad Institute Genome,
1,EU482805,xxx,Viet Nam: South,2007,Broad Institute Genome,
1,EU482806,xxx,Viet Nam: South,2007,Broad Institute Genome,
1,EU482807,xxx,Viet Nam: South,2007,Broad Institute Genome,
1,EU482808,xxx,Viet Nam: South,2007,Broad Institute Genome,
1,EU482809,xxx,Viet Nam: South,2007,Broad Institute Genome,
1,EU482810,xxx,Viet Nam: South,2007,Broad Institute Genome,
1,EU482811,xxx,Viet Nam: South,2007,Broad Institute Genome,
1,EU482812,xxx,Viet Nam: South,2007,Broad Institute Genome,
1,EU482813,xxx,Viet Nam: South,2007,Broad Institute Genome,
1,EU482814,xxx,Viet Nam: South,2007,Broad Institute Genome,
1,EU482815,xxx,Viet Nam: South,2007,Broad Institute Genome,
1,EU482816,xxx,Viet Nam: South,2007,Broad Institute Genome,
1,EU482817,xxx,Viet Nam: South,2007,Broad Institute Genome,
1,EU482818,xxx,Viet Nam: South,2007,Broad Institute Genome,
1,EU482819,xxx,Viet Nam: South,2007,Broad Institute Genome,
1,EU482820,xxx,Viet Nam: South,2007,Broad Institute Genome,
1,EU482821,xxx,Viet Nam: South,2006,Broad Institute Genome,
1,EU482822,xxx,Viet Nam: South,2006,Broad Institute Genome,
1,EU482823,xxx,Viet Nam: South,2006,Broad Institute Genome,
1,EU482824,xxx,Viet Nam: South,2006,Broad Institute Genome,
1,EU482825,xxx,Viet Nam: South,2006,Broad Institute Genome,
1,EU482826,xxx,Viet Nam: South,2006,Broad Institute Genome,
1,EU482827,xxx,Viet Nam: South,2006,Broad Institute Genome,
1,EU482828,xxx,Viet Nam: South,2006,Broad Institute Genome,
1,EU660390,xxx,Viet Nam: South,2006,Broad Institute Genome,
1,EU660391,xxx,Viet Nam: South,2006,Broad Institute Genome,
1,EU660392,xxx,Viet Nam: South,2006,Broad Institute Genome,
1,EU660393,xxx,Viet Nam: South,2006,Broad Institute Genome,
1,EU660394,xxx,Viet Nam: South,2006,Broad Institute Genome,
1,EU660395,xxx,Viet Nam: South,2006,Broad Institute Genome,
1,EU660396,xxx,Viet Nam: South,2006,Broad Institute Genome,
1,EU660397,xxx,Viet Nam: South,2006,Broad Institute Genome,
1,EU660401,xxx,Viet Nam: South,2006,Broad Institute Genome,
1,EU660402,xxx,Viet Nam: South,2006,Broad Institute Genome,
1,EU660403,xxx,Viet Nam: South,2006,Broad Institute Genome,
1,EU660412,xxx,Viet Nam: South,2006,Broad Institute Genome,
1,EU660418,xxx,Viet Nam: South,2006,Broad Institute Genome,
1,EU660419,xxx,Viet Nam: South,2006,Broad Institute Genome,
1,EU677139,xxx,Viet Nam: South,2006,Broad Institute Genome,
1,EU677140,xxx,USA: Puerto Rico,1998,Carvalho.etal.2010,
1,EU677152,xxx,USA: Puerto Rico,2006,Broad Institute Genome,
1,EU677153,xxx,USA: Puerto Rico,1998,Broad Institute Genome,
1,EU677154,xxx,Venezuela: Aragua,2007,Broad Institute Genome,
1,EU677155,xxx,Venezuela: Aragua,2007,Broad Institute Genome,
1,EU677156,xxx,Nicaragua: Managua,2005,Broad Institute Genome,
1,EU677157,xxx,Nicaragua: Managua,2005,Broad Institute Genome,
1,EU677158,xxx,Nicaragua: Managua,2005,Broad Institute Genome,
1,EU677159,xxx,Nicaragua: Managua,2005,Broad Institute Genome,
1,EU677160,xxx,Nicaragua: Managua,2005,Broad Institute Genome,
1,EU677161,xxx,Viet Nam: South,2006,Broad Institute Genome,
1,EU677162,xxx,Viet Nam: South,2006,Broad Institute Genome,
1,EU677163,xxx,Viet Nam: South,2007,Broad Institute Genome,
1,EU677164,xxx,Viet Nam: South,2007,Broad Institute Genome,
1,EU677165,xxx,Viet Nam: South,2007,Broad Institute Genome,
1,EU677166,xxx,Viet Nam: South,2007,Broad Institute Genome,
1,EU677167,xxx,Viet Nam: South,2007,Broad Institute Genome,
1,EU677168,xxx,Viet Nam: South,2007,Broad Institute Genome,
1,EU677169,xxx,Viet Nam: South,2007,Broad Institute Genome,
1,EU677170,xxx,Viet Nam: South,2007,Broad Institute Genome,
1,EU677171,xxx,Viet Nam: South,2007,Broad Institute Genome,
1,EU677177,xxx,Viet Nam: South,2007,Broad Institute Genome,
1,EU677178,xxx,Viet Nam: South,2007,Broad Institute Genome,
1,EU687247,xxx,Viet Nam: South,2003,Broad Institute Genome,
1,EU687251,xxx,Viet Nam: South,2003,Broad Institute Genome,
1,EU726777,xxx,Viet Nam: South,2003,Broad Institute Genome,
1,EU726778,xxx,Viet Nam: South,2003,Broad Institute Genome,
1,EU726779,xxx,Viet Nam: South,2006,Broad Institute Genome,
1,EU726780,xxx,Viet Nam: South,2006,Broad Institute Genome,
1,EU726781,xxx,Viet Nam: South,2006,Broad Institute Genome,
1,EU726782,xxx,Viet Nam: South,2006,Broad Institute Genome,
1,EU863650,xxx,Viet Nam: South,2006,Broad Institute Genome,
1,FJ024425,xxx,Viet Nam: South,2006,Broad Institute Genome,
1,FJ024426,xxx,Viet Nam: South,2006,Broad Institute Genome,
1,FJ024427,xxx,Viet Nam: South,2006,Broad Institute Genome,
1,FJ024428,xxx,Viet Nam: South,2006,Broad Institute Genome,
1,FJ024429,xxx,Viet Nam: South,2006,Broad Institute Genome,
1,FJ024430,xxx,Viet Nam: South,2006,Broad Institute Genome,
1,FJ024431,xxx,Viet Nam: South,2006,Broad Institute Genome,
1,FJ024432,xxx,Viet Nam: South,2006,Broad Institute Genome,
1,FJ024433,xxx,Viet Nam: South,2006,Broad Institute Genome,
1,FJ024434,xxx,Viet Nam: South,2006,Broad Institute Genome,
1,FJ024435,xxx,Viet Nam: South,2006,Broad Institute Genome,
1,FJ024436,xxx,Viet Nam: South,2006,Broad Institute Genome,
1,FJ024437,xxx,Viet Nam: South,2006,Broad Institute Genome,
1,FJ024438,xxx,Viet Nam: South,2006,Broad Institute Genome,
1,FJ024439,xxx,Viet Nam: South,2006,Broad Institute Genome,
1,FJ024440,xxx,Viet Nam: South,2006,Broad Institute Genome,
1,FJ024441,xxx,Viet Nam: South,2006,Broad Institute Genome,
1,FJ024442,xxx,Viet Nam: South,2006,Broad Institute Genome,
1,FJ024443,xxx,Viet Nam: South,2006,Broad Institute Genome,
1,FJ024444,xxx,Viet Nam: South,2006,Broad Institute Genome,
1,FJ024445,xxx,Viet Nam: South,2006,Broad Institute Genome,
1,FJ024446,xxx,Viet Nam: South,2006,Broad Institute Genome,
1,FJ024447,xxx,Viet Nam: South,2006,Broad Institute Genome,
1,FJ024448,xxx,Viet Nam: South,2006,Broad Institute Genome,
1,FJ024449,xxx,Viet Nam: South,2006,Broad Institute Genome,
1,FJ024450,xxx,Viet Nam: South,2006,Broad Institute Genome,
1,FJ024451,xxx,Viet Nam: South,2006,Broad Institute Genome,
1,FJ024453,xxx,Viet Nam: South,2006,Broad Institute Genome,
1,FJ024455,xxx,Viet Nam: South,2006,Broad Institute Genome,
1,FJ024456,xxx,Viet Nam: South,2006,Broad Institute Genome,
1,FJ024457,xxx,Viet Nam: South,2006,Broad Institute Genome,
1,FJ024460,xxx,Viet Nam: South,2006,Broad Institute Genome,
1,FJ024462,xxx,Viet Nam: South,2006,Broad Institute Genome,
1,FJ024463,xxx,Viet Nam: South,2006,Broad Institute Genome,
1,FJ024464,xxx,Viet Nam: South,2006,Broad Institute Genome,
1,FJ024472,xxx,Viet Nam: South,2006,Broad Institute Genome,
1,FJ182003,xxx,Viet Nam: South,2007,Broad Institute Genome,
1,FJ182018,xxx,Viet Nam: South,2006,Broad Institute Genome,
1,FJ182019,xxx,Viet Nam: South,2006,Broad Institute Genome,
1,FJ182020,xxx,Viet Nam: South,2006,Broad Institute Genome,
1,FJ182021,xxx,Viet Nam: South,2006,Broad Institute Genome,
1,FJ182022,xxx,Viet Nam: South,2006,Broad Institute Genome,
1,FJ182023,xxx,Viet Nam: South,2007,Broad Institute Genome,
1,FJ182024,xxx,Viet Nam: South,2007,Broad Institute Genome,
1,FJ182025,xxx,Viet Nam: South,2007,Broad Institute Genome,
1,FJ182026,xxx,Viet Nam: South,2007,Broad Institute Genome,
1,FJ182027,xxx,Viet Nam: South,2007,Broad Institute Genome,
1,FJ182028,xxx,Viet Nam: South,2007,Broad Institute Genome,
1,FJ182029,xxx,Viet Nam: South,2007,Broad Institute Genome,
1,FJ182030,xxx,Viet Nam: South,2007,Broad Institute Genome,
1,FJ461303,xxx,Viet Nam: South,2007,Broad Institute Genome,
1,FJ461306,xxx,Viet Nam: South,2007,Broad Institute Genome,
1,FJ461307,xxx,Viet Nam: South,2007,Broad Institute Genome,
1,FJ461308,xxx,Viet Nam: South,2007,Broad Institute Genome,
1,FJ461310,xxx,Viet Nam: South,2007,Broad Institute Genome,
1,FJ461312,xxx,Viet Nam: South,2007,Broad Institute Genome,
1,FJ461313,xxx,Viet Nam: South,2007,Broad Institute Genome,
1,FJ461315,xxx,Viet Nam: South,2007,Broad Institute Genome,
1,FJ461316,xxx,Viet Nam: South,2007,Broad Institute Genome,
1,FJ461317,xxx,Viet Nam: South,2007,Broad Institute Genome,
1,FJ461318,xxx,Viet Nam: South,2007,Broad Institute Genome,
1,FJ461319,xxx,Viet Nam: South,2007,Broad Institute Genome,
1,FJ461320,xxx,Viet Nam: South,2007,Broad Institute Genome,
1,FJ461323,xxx,Viet Nam: South,2007,Broad Institute Genome,
1,FJ461324,xxx,Viet Nam: South,2007,Broad Institute Genome,
1,FJ461325,xxx,Viet Nam: South,2007,Broad Institute Genome,
1,FJ461327,xxx,Viet Nam: South,2007,Broad Institute Genome,
1,FJ461328,xxx,Viet Nam: South,2007,Broad Institute Genome,
1,FJ461330,xxx,Viet Nam: South,2007,Broad Institute Genome,
1,FJ461331,xxx,Viet Nam: South,2006,Broad Institute Genome,
1,FJ461332,xxx,Viet Nam: South,2007,Broad Institute Genome,
1,FJ461333,xxx,Venezuela: Aragua,2007,Broad Institute Genome,
1,FJ461335,xxx,Viet Nam: South,2007,Broad Institute Genome,
1,FJ461336,xxx,Viet Nam: South,2007,Broad Institute Genome,
1,FJ461339,xxx,Viet Nam: South,2007,Broad Institute Genome,
1,FJ461340,xxx,Viet Nam: South,2007,Broad Institute Genome,
1,FJ461341,xxx,Viet Nam: South,2007,Broad Institute Genome,
1,FJ547065,IV,Chile: Easter Island,2002,Caceres.etal.2008_Carvalho.etal.2010,
1,FJ547068,xxx,Viet Nam: South,2007,Broad Institute Genome,
1,FJ547086,xxx,Viet Nam: South,2007,Broad Institute Genome,
1,FJ562105,xxx,Viet Nam: South,2007,Broad Institute Genome,
1,FJ562106,xxx,Viet Nam: South,2007,Broad Institute Genome,
1,FJ639669,xxx,Viet Nam: South,2007,Broad Institute Genome,
1,FJ639670,xxx,Viet Nam: South,2007,Broad Institute Genome,
1,FJ639671,xxx,Viet Nam: South,2007,Broad Institute Genome,
1,FJ639672,xxx,Viet Nam: South,2007,Broad Institute Genome,
1,FJ639673,xxx,Viet Nam: South,2007,Broad Institute Genome,
1,FJ639674,xxx,Viet Nam: South,2007,Broad Institute Genome,
1,FJ639675,xxx,Viet Nam: South,2007,Broad Institute Genome,
1,FJ639676,xxx,Viet Nam: South,2007,Broad Institute Genome,
1,FJ639677,xxx,Viet Nam: South,2007,Broad Institute Genome,
1,FJ639678,xxx,Viet Nam: South,2007,Broad Institute Genome,
1,FJ639679,xxx,Viet Nam: South,2007,Broad Institute Genome,
1,FJ639680,xxx,Viet Nam: South,2007,Broad Institute Genome,
1,FJ639681,xxx,Viet Nam: South,2007,Broad Institute Genome,
1,FJ639682,xxx,Viet Nam: South,2007,Broad Institute Genome,
1,FJ639683,xxx,Viet Nam: South,2007,Broad Institute Genome,
1,FJ639684,xxx,Viet Nam: South,2006,Broad Institute Genome,
1,FJ639685,xxx,Viet Nam: South,2007,Broad Institute Genome,
1,FJ639686,xxx,Viet Nam: South,2007,Broad Institute Genome,
1,FJ639687,xxx,Viet Nam: South,2007,Broad Institute Genome,
1,FJ639688,xxx,Viet Nam: South,2007,Broad Institute Genome,
1,FJ639689,xxx,Viet Nam: South,2007,Broad Institute Genome,
1,FJ639690,xxx,Viet Nam: South,2007,Broad Institute Genome,
1,FJ639691,xxx,Viet Nam: South,2007,Broad Institute Genome,
1,FJ639692,xxx,Viet Nam: South,2007,Broad Institute Genome,
1,FJ639693,xxx,Viet Nam: South,2007,Broad Institute Genome,
1,FJ639694,xxx,Viet Nam: South,2007,Broad Institute Genome,
1,FJ639695,xxx,Viet Nam: South,2007,Broad Institute Genome,
1,FJ639696,xxx,Viet Nam: South,2007,Broad Institute Genome,
1,FJ639735,xxx,Viet Nam: South,2007,Broad Institute Genome,
1,FJ639740,xxx,Viet Nam: South,2007,Broad Institute Genome,
1,FJ639741,xxx,Viet Nam: South,2007,Broad Institute Genome,
1,FJ639796,xxx,Viet Nam: South,2007,Broad Institute Genome,
1,FJ639797,xxx,Viet Nam: South,2007,Broad Institute Genome,
1,FJ639802,xxx,Viet Nam: South,2006,Broad Institute Genome,
1,FJ639806,xxx,Viet Nam: South,2007,Broad Institute Genome,
1,FJ639811,xxx,Viet Nam: South,2007,Broad Institute Genome,
1,FJ639811,xxx,Viet Nam: South,2007,Broad Institute Genome,
1,FJ639812,xxx,Viet Nam: South,2007,Broad Institute Genome,
1,FJ639813,xxx,Viet Nam: South,2007,Broad Institute Genome,
1,FJ639814,xxx,Viet Nam: South,2007,Broad Institute Genome,
1,FJ639815,xxx,Viet Nam: South,2007,Broad Institute Genome,
1,FJ639818,xxx,Viet Nam: South,2007,Broad Institute Genome,
1,FJ639819,xxx,Viet Nam: South,2007,Broad Institute Genome,
1,FJ639820,xxx,Viet Nam: South,2007,Broad Institute Genome,
1,FJ639821,xxx,Viet Nam: South,2007,Broad Institute Genome,
1,FJ639823,xxx,Viet Nam: South,2007,Broad Institute Genome,
1,FJ639824,xxx,Viet Nam: South,2007,Broad Institute Genome,
1,FJ810409,xxx,Viet Nam: South,2007,Broad Institute Genome,
1,FJ810410,xxx,Viet Nam: South,2008,Broad Institute Genome,
1,FJ810413,xxx,Viet Nam: South,2008,Broad Institute Genome,
1,FJ810415,xxx,Viet Nam: South,2008,Broad Institute Genome,
1,FJ810419,xxx,Viet Nam: South,2007,Broad Institute Genome,
1,FJ850068,xxx,Viet Nam: South,2007,Broad Institute Genome,
1,FJ850069,xxx,Viet Nam: South,2007,Broad Institute Genome,
1,FJ850070,xxx,Viet Nam: South,2007,Broad Institute Genome,
1,FJ850073,xxx,Viet Nam: South,2007,Broad Institute Genome,
1,FJ850075,xxx,Viet Nam: South,2007,Broad Institute Genome,
1,FJ850077,xxx,Viet Nam: South,2007,Broad Institute Genome,
1,FJ850081,xxx,Viet Nam: South,2007,Broad Institute Genome,
1,FJ850084,xxx,Viet Nam: South,2007,Broad Institute Genome,
1,FJ850087,xxx,Viet Nam: South,2007,Broad Institute Genome,
1,FJ850090,xxx,Viet Nam: South,2007,Broad Institute Genome,
1,FJ850099,xxx,Viet Nam: South,2007,Broad Institute Genome,
1,FJ850100,xxx,Viet Nam: South,2007,Broad Institute Genome,
1,FJ850101,xxx,Viet Nam: South,2008,Broad Institute Genome,
1,FJ850102,xxx,Viet Nam: South,2008,Broad Institute Genome,
1,FJ850103,xxx,Viet Nam: South,2008,Broad Institute Genome,
1,FJ850104,xxx,Viet Nam: South,2007,Broad Institute Genome,
1,FJ859029,xxx,Viet Nam: South,2008,Broad Institute Genome,
1,FJ873809,xxx,Viet Nam: South,2008,Broad Institute Genome,
1,FJ873810,xxx,Viet Nam: South,2008,Broad Institute Genome,
1,FJ882515,xxx,Viet Nam: South,2008,Broad Institute Genome,
1,FJ882516,xxx,Viet Nam: South,2008,Broad Institute Genome,
1,FJ882517,xxx,Viet Nam: South,2007,Broad Institute Genome,
1,FJ882518,xxx,Nicaragua: Managua,2006,Broad Institute Genome,
1,FJ882519,xxx,USA: Puerto Rico,2007,Broad Institute Genome,
1,FJ882520,xxx,USA: Puerto Rico,1993,Broad Institute Genome,
1,FJ882521,xxx,USA: Puerto Rico,1986,Broad Institute Genome,
1,FJ882522,xxx,Cambodia: BTB,2000,Broad Institute Genome,
1,FJ882523,xxx,Cambodia: PHP,2001,Broad Institute Genome,
1,FJ882524,xxx,Cambodia: KCH,2001,Broad Institute Genome,
1,FJ882525,xxx,Cambodia: BTB,2001,Broad Institute Genome,
1,FJ882526,xxx,Cambodia: KCH,2001,Broad Institute Genome,
1,FJ882527,xxx,Cambodia: KCH,2002,Broad Institute Genome,
1,FJ882528,xxx,Cambodia: TAK,2003,Broad Institute Genome,
1,FJ882529,xxx,Cambodia: PHP,2003,Broad Institute Genome,
1,FJ882530,xxx,Cambodia: KCH,2003,Broad Institute Genome,
1,FJ882531,xxx,Cambodia: KRA,2003,Broad Institute Genome,
1,FJ882532,xxx,Cambodia: KCH,2003,Broad Institute Genome,
1,FJ882533,xxx,Cambodia: PHP,2003,Broad Institute Genome,
1,FJ882534,xxx,Cambodia: PHP,2003,Broad Institute Genome,
1,FJ882535,xxx,Cambodia: PHP,2004,Broad Institute Genome,
1,FJ882536,I,Cambodia: BTB,2005,camacho.etal.2007,
1,FJ882537,xxx,Cambodia: KSP,2005,Broad Institute Genome,
1,FJ882538,xxx,Cambodia: BTB,2005,Broad Institute Genome,
1,FJ882539,xxx,Cambodia: KCH,2006,Broad Institute Genome,
1,FJ882540,xxx,Cambodia: KCH,2006,Broad Institute Genome,
1,FJ882541,xxx,Cambodia: KCH,2007,Broad Institute Genome,
1,FJ882542,xxx,Cambodia: KSP,2007,Broad Institute Genome,
1,FJ882543,xxx,Cambodia: KSP,2007,Broad Institute Genome,
1,FJ882544,xxx,Cambodia: BTB,2007,Broad Institute Genome,
1,FJ882545,xxx,Cambodia: KCH,2007,Broad Institute Genome,
1,FJ882546,xxx,Cambodia: KSP,2007,Broad Institute Genome,
1,FJ882547,xxx,Cambodia: KCH,2007,Broad Institute Genome,
1,FJ882548,xxx,Cambodia: KCH,2007,Broad Institute Genome,
1,FJ882549,xxx,Cambodia: KCH,2007,Broad Institute Genome,
1,FJ882550,xxx,Venezuela: Aragua,1997,Broad Institute Genome,
1,FJ882551,V,Venezuela: Aragua,1998,Camacho.etal.2007,
1,FJ882552,V,Venezuela: Aragua,1998,Carvalho.etal.2010,
1,FJ882553,xxx,Venezuela: Aragua,2004,Broad Institute Genome,
1,FJ882554,V,Venezuela: Aragua,2004,Camacho.etal.2007,
1,FJ882555,V,Venezuela: Aragua,2004,Camacho.etal.2007,
1,FJ882556,xxx,Venezuela: Aragua,2004,Broad Institute Genome,
1,FJ882557,xxx,Venezuela: Aragua,2005,Broad Institute Genome,
1,FJ882558,xxx,Venezuela: Aragua,2005,Broad Institute Genome,
1,FJ882559,xxx,Venezuela: Aragua,2005,Broad Institute Genome,
1,FJ882560,V,Venezuela: Aragua,2005,Camacho.etal.2007,
1,FJ882561,V,Venezuela: Aragua,2005,Camacho.etal.2007/Carvalho.etal.2010,
1,FJ882562,V,Venezuela: Aragua,2006,Camacho.etal.2007,
1,FJ882563,V,Venezuela: Aragua,2006,Camacho.etal.2007,
1,FJ882564,V,Venezuela: Aragua,2006,Camacho.etal.2007,
1,FJ882565,V,Venezuela: Aragua,2006,Camacho.etal.2007,
1,FJ882566,V,Venezuela: Aragua,2006,Camacho.etal.2007/Carvalho.etal.2010,
1,FJ882567,V,Venezuela: Aragua,2006,Camacho.etal.2007/Carvalho.etal.2010,
1,FJ882568,V,Venezuela: Aragua,2006,Camacho.etal.2007,
1,FJ882569,xxx,Thailand: Kampheange Phet,2001,Broad Institute Genome,
1,FJ882570,xxx,Thailand: Kampheange Phet,2001,Broad Institute Genome,
1,FJ882579,xxx,Thailand: Kampheange Phet,2001,Broad Institute Genome,
1,FJ898371,xxx,Venezuela: Aragua,2001,Broad Institute Genome,
1,FJ898372,xxx,Nicaragua: Carazo,2005,Broad Institute Genome,
1,FJ898373,xxx,Thailand: Kampheange Phet,1996,Broad Institute Genome,
1,FJ898374,xxx,Cambodia: TAK,2001,Broad Institute Genome,
1,FJ898375,xxx,Brazil: Northern,2003,Broad Institute Genome,
1,FJ898376,xxx,Brazil: North east,2001,Broad Institute Genome,
1,FJ898377,xxx,Brazil: Northern,2002,Broad Institute Genome,
1,FJ898378,xxx,Brazil: Northern,2003,Broad Institute Genome,
1,FJ898379,xxx,Brazil: Northern,2004,Broad Institute Genome,
1,FJ898380,xxx,Brazil: Northern,2005,Broad Institute Genome,
1,FJ898381,xxx,Brazil: Northern,2006,Broad Institute Genome,
1,FJ898382,xxx,Brazil: Northern,2007,Broad Institute Genome,
1,FJ898383,xxx,Venezuela: Aragua,2007,Broad Institute Genome,
1,FJ898384,xxx,Venezuela: Aragua,2007,Broad Institute Genome,
1,FJ898385,xxx,Venezuela: Aragua,2007,Broad Institute Genome,
1,FJ898386,xxx,Venezuela: Aragua,2007,Broad Institute Genome,
1,FJ898387,xxx,Venezuela: Aragua,2008,Broad Institute Genome,
1,FJ898388,xxx,Venezuela: Aragua,2008,Broad Institute Genome,
1,FJ898389,xxx,Viet Nam: South,2007,Broad Institute Genome,
1,FJ898390,xxx,Venezuela: Aragua,2007,Broad Institute Genome,
1,FJ898391,xxx,Venezuela: Aragua,2007,Broad Institute Genome,
1,FJ898392,xxx,Viet Nam: South,2005,Broad Institute Genome,
1,FJ898393,xxx,Viet Nam: South,2006,Broad Institute Genome,
1,FJ898394,xxx,Viet Nam: South,2006,Broad Institute Genome,
1,FJ898395,xxx,Viet Nam: South,2006,Broad Institute Genome,
1,FJ898396,xxx,Viet Nam: South,2006,Broad Institute Genome,
1,FJ898397,xxx,Viet Nam: South,2006,Broad Institute Genome,
1,FJ898398,xxx,Viet Nam: South,2006,Broad Institute Genome,
1,FJ898399,xxx,Viet Nam: South,2006,Broad Institute Genome,
1,FJ898400,xxx,Viet Nam: South,2006,Broad Institute Genome,
1,FJ898401,xxx,Viet Nam: South,2006,Broad Institute Genome,
1,FJ898402,xxx,Viet Nam: South,2006,Broad Institute Genome,
1,FJ898403,xxx,Viet Nam: South,2006,Broad Institute Genome,
1,FJ898404,xxx,Viet Nam: South,2006,Broad Institute Genome,
1,FJ898405,xxx,Viet Nam: South,2006,Broad Institute Genome,
1,FJ898406,xxx,Viet Nam: South,2006,Broad Institute Genome,
1,FJ898407,xxx,Viet Nam: South,2006,Broad Institute Genome,
1,FJ898408,xxx,Viet Nam: South,2006,Broad Institute Genome,
1,FJ898409,xxx,Viet Nam: South,2006,Broad Institute Genome,
1,FJ898410,xxx,Viet Nam: South,2006,Broad Institute Genome,
1,FJ898411,xxx,Viet Nam: South,2006,Broad Institute Genome,
1,FJ898412,xxx,Viet Nam: South,2006,Broad Institute Genome,
1,FJ898413,xxx,Viet Nam: South,2006,Broad Institute Genome,
1,FJ898414,xxx,Viet Nam: South,2006,Broad Institute Genome,
1,FJ898415,xxx,Viet Nam: South,2006,Broad Institute Genome,
1,FJ898416,xxx,Viet Nam: South,2006,Broad Institute Genome,
1,FJ898417,xxx,Viet Nam: South,2006,Broad Institute Genome,
1,FJ898418,xxx,Viet Nam: South,2006,Broad Institute Genome,
1,FJ898419,xxx,Viet Nam: South,2006,Broad Institute Genome,
1,FJ898420,xxx,Viet Nam: South,2006,Broad Institute Genome,
1,FJ898421,xxx,Viet Nam: South,2006,Broad Institute Genome,
1,FJ898422,xxx,Viet Nam: South,2007,Broad Institute Genome,
1,FJ898423,xxx,Viet Nam: South,2007,Broad Institute Genome,
1,FJ898424,xxx,Viet Nam: South,2007,Broad Institute Genome,
1,FJ898425,xxx,Viet Nam: South,2007,Broad Institute Genome,
1,FJ898426,xxx,Viet Nam: South,2007,Broad Institute Genome,
1,FJ898427,xxx,Viet Nam: South,2007,Broad Institute Genome,
1,FJ898428,xxx,Viet Nam: South,2007,Broad Institute Genome,
1,FJ898429,xxx,Viet Nam: South,2007,Broad Institute Genome,
1,FJ898430,xxx,Viet Nam: South,2007,Broad Institute Genome,
1,FJ898431,xxx,Viet Nam: South,2007,Broad Institute Genome,
1,FJ898448,xxx,Viet Nam: South,2007,Broad Institute Genome,
1,FJ906728,xxx,Viet Nam: South,2007,Broad Institute Genome,
1,FJ906963,xxx,Viet Nam: South,2007,Broad Institute Genome,
1,FJ906964,xxx,Viet Nam: South,2007,Broad Institute Genome,
1,FJ906965,xxx,Viet Nam: South,2007,Broad Institute Genome,
1,"GQ868,xxx,Viet Nam: South,2007,Broad Institute Genome,
1,"GU131,xxx,Viet Nam: South,2007,Broad Institute Genome,
1,HM181936.1,xxx,Viet Nam: South,2003,Broad Institute Genome,
1,HM181937.1,xxx,Viet Nam: South,2003,Broad Institute Genome,
1,HM181938.1,xxx,Viet Nam: South,2003,Broad Institute Genome,
1,HM181939.1,xxx,Viet Nam: South,2003,Broad Institute Genome,
1,HM181940.1,xxx,Viet Nam: South,2003,Broad Institute Genome,
1,HM181941.1,xxx,Viet Nam: South,2003,Broad Institute Genome,
1,HM181942.1,xxx,Viet Nam: South,2003,Broad Institute Genome,
1,HM181943.1,xxx,Viet Nam: South,2004,Broad Institute Genome,
1,HM181944.1,xxx,Viet Nam: South,2005,Broad Institute Genome,
1,HM181945.1,xxx,Venezuela: Aragua,2007,Broad Institute Genome,
1,HM181946.1,xxx,Viet Nam: South,2007,Broad Institute Genome,
1,HM181947.1,xxx,Viet Nam: South,2007,Broad Institute Genome,
1,HM181948.1,xxx,Viet Nam: South,2007,Broad Institute Genome,
1,HM181949.1,xxx,Viet Nam: South,2007,Broad Institute Genome,
1,HM181950.1,xxx,Viet Nam: South,2007,Broad Institute Genome,
1,HM181951.1,xxx,Viet Nam: South,2007,Broad Institute Genome,
1,HM181952.1,xxx,Viet Nam: South,2007,Broad Institute Genome,
1,HM181956.1,xxx,Viet Nam: South,2007,Broad Institute Genome,
1,HM181957.1,xxx,Viet Nam: South,2007,Broad Institute Genome,
1,HM181958.1,xxx,Viet Nam: South,2007,Broad Institute Genome,
1,HM181959.1,xxx,Viet Nam: South,2007,Broad Institute Genome,
1,HM181960.1,xxx,Viet Nam: South,2007,Broad Institute Genome,
1,HM181961.1,xxx,Viet Nam: South,2005,Broad Institute Genome,
1,HM181962.1,xxx,Viet Nam: South,2005,Broad Institute Genome,
1,HM181963.1,xxx,Viet Nam: South,2005,Broad Institute Genome,
1,HM181964.1,xxx,Viet Nam: South,2005,Broad Institute Genome,
1,HM181965.1,xxx,Viet Nam: South,2005,Broad Institute Genome,
1,HM181966.1,xxx,Viet Nam: South,2005,Broad Institute Genome,
1,HM181967.1,xxx,Viet Nam: South,2005,Broad Institute Genome,
1,HM181968.1,xxx,Viet Nam: South,2005,Broad Institute Genome,
1,HM181969.1,xxx,Viet Nam: South,2005,Broad Institute Genome,
1,HM181970.1,xxx,Viet Nam: South,2005,Broad Institute Genome,
1,NC_001477,xxx,Viet Nam: South,2006,Broad Institute Genome,
1,DVU88535,xxx,Viet Nam: South,2006,Broad Institute Genome,
1,FJ205874,xxx,Viet Nam: South,2006,Broad Institute Genome,
1,AF180817,xxx,Viet Nam: South,2006,Broad Institute Genome,
1,AF180818,xxx,Viet Nam: South,2006,Broad Institute Genome,
1,AF514878,xxx,Viet Nam: South,2006,Broad Institute Genome,
1,FJ478458,xxx,Viet Nam: South,2006,Broad Institute Genome,
1,FJ639794,xxx,Viet Nam: South,2006,Broad Institute Genome,
1,AB204803,xxx,Viet Nam: South,2006,Broad Institute Genome,
1,AB519681.1,xxx,Viet Nam: South,2006,Broad Institute Genome,
1,AF226687.2,xxx,Viet Nam: South,2006,Broad Institute Genome,
1,AF298807.1,xxx,Viet Nam: South,2006,Broad Institute Genome,
1,AF298808.1,xxx,Viet Nam: South,2006,Broad Institute Genome,
1,AF309641.1,xxx,Viet Nam: South,2006,Broad Institute Genome,
1,AF311956.1,xxx,Viet Nam: South,2006,Broad Institute Genome,
1,AF311957.1,xxx,Viet Nam: South,2006,Broad Institute Genome,
1,AF311958.1,xxx,Viet Nam: South,2006,Broad Institute Genome,
1,AF350498.1,xxx,Viet Nam: South,2006,Broad Institute Genome,
1,AF513110.1,xxx,Viet Nam: South,2006,Broad Institute Genome,
1,AY277664.1,xxx,Viet Nam: South,2006,Broad Institute Genome,
1,AY277665.1,xxx,Viet Nam: South,2006,Broad Institute Genome,
1,AY726554.1,xxx,Viet Nam: South,2006,Broad Institute Genome,
1,AY726555.1,xxx,Viet Nam: South,2006,Broad Institute Genome,
1,AY732474.1,xxx,Viet Nam: South,2006,Broad Institute Genome,
1,AY732475.1,xxx,Viet Nam: South,2006,Broad Institute Genome,
1,AY732476.1,xxx,Viet Nam: South,2006,Broad Institute Genome,
1,AY732477.1,xxx,Viet Nam: South,2006,Broad Institute Genome,
1,AY732478.1,xxx,Viet Nam: South,2006,Broad Institute Genome,
1,AY732479.1,xxx,Viet Nam: South,2006,Broad Institute Genome,
1,AY732480.1,xxx,Viet Nam: South,2006,Broad Institute Genome,
1,AY732481.1,xxx,Viet Nam: South,2006,Broad Institute Genome,
1,AY732482.1,xxx,Viet Nam: South,2006,Broad Institute Genome,
1,AY732483.1,xxx,Viet Nam: South,2006,Broad Institute Genome,
1,AY762084.1,xxx,Viet Nam: South,2006,Broad Institute Genome,
1,AY835999.4,xxx,Viet Nam: South,2006,Broad Institute Genome,
1,DQ193572.1,xxx,Viet Nam: South,2006,Broad Institute Genome,
1,FJ410183.1,xxx,French Polynesia: Tahiti,2001,Broad Institute Genome,
1,FJ410184.1,xxx,Viet Nam: South,2007,Broad Institute Genome,
1,FJ410185.1,xxx,Viet Nam: South,2007,Broad Institute Genome,
1,FJ410186.1,xxx,Viet Nam: South,2007,Broad Institute Genome,
1,FJ410187.1,xxx,Viet Nam: South,2007,Broad Institute Genome,
1,FJ410188.1,xxx,Philippines,2004,Broad Institute Genome,
1,FJ410189.1,xxx,Cambodia: KCH,2006,Broad Institute Genome,
1,FJ410190.1,xxx,Cambodia: KCH,2006,Broad Institute,
1,FJ410191.1,xxx,Cambodia: KCH,2006,Broad Institute,
1,FJ410192.1,xxx,Cambodia: KCH,2006,Broad Institute,
1,FJ410194.1,xxx,Cambodia: KCH,2006,Broad Institute,
1,FJ410196.1,xxx,Cambodia: KCH,2006,Broad Institute,
1,FJ410197.1,xxx,Cambodia: KCH,2006,Broad Institute,
1,FJ410198.1,xxx,Cambodia: KCH,2006,Broad Institute,
1,DQ672563.1,xxx,Cambodia: KCH,2007,Broad Institute,
1,DQ672564.1,xxx,Cambodia: KCH,2007,Broad Institute,
1,EF025110.1,xxx,Cambodia: KCH,2007,Broad Institute,
1,EF032590,xxx,Cambodia: KCH,2007,Broad Institute,
1,EF457905.1,xxx,Cambodia: KCH,2007,Broad Institute,
1,EU081226.1,xxx,Cambodia: KCH,2007,Broad Institute,
1,EU081227.1,xxx,Cambodia: KCH,2007,Broad Institute,
1,EU081228.1,xxx,Cambodia: KCH,2007,Broad Institute,
1,EU081229.1,xxx,Cambodia: KCH,2007,Broad Institute,
1,EU081230.1,xxx,Cambodia: KCH,2007,Broad Institute,
1,EU081231.1,xxx,Cambodia: KCH,2007,Broad Institute,
1,EU081232.1,xxx,Cambodia: KCH,2007,Broad Institute,
1,EU081233.1,xxx,Cambodia: KCH,2007,Broad Institute,
1,EU081234.1,xxx,Cambodia: KCH,2007,Broad Institute,
1,EU081235.1,xxx,Cambodia: KCH,2007,Broad Institute,
1,EU081236.1,xxx,Cambodia: KCH,2007,Broad Institute,
